event_name,city,state,county,distance_mi,trip_type,month,typical_dates,attendance,food_vendor_fee,application_method,contact,url,status,notes,last_verified
Columbia Farmers Market,Columbia,MO,Boone,0,Hometown,Year-round,"Sat 8a-12p (Apr-Oct), Wed 4-7p (May-Aug), member Sat (Nov-Mar)",Steady local traffic,Not researched,Vendor membership application,columbiafarmersmarket.org,columbiafarmersmarket.org/how-to/become-a-vendor,Verified - eligibility caveat,At Agriculture Park (1769 W. Ash St). PRODUCER-ONLY market - caps non-farmer processors/artisans/service vendors at 20% of membership. May limit a hot-dog truck's eligibility/slots.,2026-06-17
True/False Film Fest,Columbia,MO,Boone,0,Hometown,March,Mar 5-8 (2026),Large (downtown crowds),Not researched,Via truefalse.org,truefalse.org,truefalse.org,Verified,Documentary film festival; downtown street parties carry some food trucks but it is ticketed-film-centric (weak fit for vending). Boone Co.,2026-06-18
Fountain Fest,Kansas City,MO,Jackson,125,Day trip,April,Spring 2026 (food-truck registration to Mar 15),Small (selects ~5 trucks),No participation fee,Food-truck application at cityoffountains.org/fountain-fest-food-trucks (deadline ~Mar 15),jeff.coffkc@gmail.com / info@cityoffountains.org,cityoffountains.org,Verified - food trucks,"Dedicated food-truck festival; selects ~5 trucks; food trucks welcome. 2025 paused, relaunched for 2026.",2026-06-18
Columbia Area Earth Day Festival,Columbia,MO,Boone,0,Hometown,April,Apr 26 (rain date May 3); 12-6pm,200+ vendors (35th year),Not researched,Separate food-vendor application,comoearthday@gmail.com / 573-875-0539 (Laura),columbiaearthday.org,Verified - food-truck friendly,"At Peace Park / downtown. Explicitly food-truck-friendly (""the health permit you already have is all you need""). Booths expected to sell out - deadline ~Mar 31.",2026-06-17
Memphis in May / World Championship BBQ,Memphis,TN,Shelby,290,Overnight,May,May 13-16 (2026),Large,Not researched,Food vendor application via memphisinmay.org/vendor,memphisinmay.org,memphisinmay.org,Verified - food vendors,"World Championship Barbecue Cooking Contest, Liberty Park Memphis (48th): official food vendors apply. Shelby Co. TN.",2026-06-18
Hermann Maifest,Hermann,MO,Gasconade,75,Day trip,May,Mid-May (2027),Wine-country crowd,$50/space (covered booth),Vendor application via maifesthermann.org / maifest@visithermann.com (covered food booth ~$50),maifest@visithermann.com / Cindy 314-606-8932,maifesthermann.org,Verified - food vendors,"Hermann street festival, 3rd weekend of May: vendors, food, music.",2026-06-18
Wichita Riverfest,Wichita,KS,Sedgwick,280,Overnight,May-June,Late May - early June (May 29-Jun 6),Large (9-day),Not researched,Food & Beverage Vendor Application PDF,"Wichita Festivals Inc, 316-267-2817",wichitariverfest.com/food,Verified,Food Court + Douglas Street food vendors (ticketless/cashless).,2026-06-17
Sauce Food Truck Fridays,St. Louis,MO,St. Louis City,125,Day trip,May-Oct (8 Fridays),"May 1, May 29, Jun 12, Jun 26, Aug 7, Aug 21, Sep 11, Oct 2",20+ trucks (free admission),Not researched,Dedicated vendor app - apply per date,St. Louis Food Truck Association / Sauce Magazine,saucemagazine.com/food-truck-fridays-2026,Verified,At Tower Grove Park. Trucks rotate per date - apply for specific dates. Closest/easiest of the regional finds.,2026-06-17
Edwardsville Route 66 Festival,Edwardsville,IL,Madison,120,Day trip,June,Jun 13 (2026),Single-day,Not researched,2026 food vendor application via cityofedwardsville.com (fee due ~May 8),Edwardsville Parks & Rec / Parks@cityofedwardsville.com / 618-692-7538,cityofedwardsville.com,Verified - food vendors,"Route 66 festival in City Park: food vendors, roadside market, music.",2026-06-18
Moberly Railroad Days,Moberly,MO,Randolph,36,Day trip,June,Jun 3-6,Free admission (multi-day),Not researched,Dedicated food-vendor page,Moberly Rotary Club,railroaddays.com/events/food-vendors,Verified - food vendors,At Depot Park downtown. Carnival + nightly music + craft/food vendors + beer garden.,2026-06-17
Boonville Heritage Days,Boonville,MO,Cooper,28,Day trip,June,Fourth weekend of June,Community festival,Not researched,Craft vendor form via the Boonville Area Chamber (boonvillemochamber.com/heritage-days),Boonville Area Chamber of Commerce,goboonville.com/heritage-days-4th-weekend-in-june,Verified - food vendors,"Community festival, 4th weekend of June.",2026-06-18
National Tom Sawyer Days,Hannibal,MO,Marion,100,Day trip,June-July,Jun 27 - Jul 5 (centered on Jul 4),Multi-day,Not researched,Hannibal Jaycees (annual),visithannibal.com,visithannibal.com/events/71st-annual-national-tom-sawyer-days,Verified,Main Street downtown Hannibal. Fees / application contact not yet captured.,2026-06-17
Boone County Fair,Columbia,MO,Boone,0,Hometown,July,Jul 21-25,County fair (booth hrs 5-10pm),Not researched,Vendor registration (opened Feb 26),573-474-9435,theboonecountyfair.com/vendors,Verified - seeks food vendors,At 5212 N Oakland Gravel Rd (within city limits). Actively recruiting food vendors / craft vendors / businesses.,2026-06-17
Lancaster County Super Fair,Lincoln,NE,Lancaster,330,Overnight,July,Jul 31 - Aug 8 (2026),Mid-size county fair,Not researched,Vendor application via superfair.org/support/vendor,superfair.org,superfair.org,Verified - food vendors,"Lancaster County Super Fair, Lincoln (10-day): carnival, Ribfest, fair food, vendor booths. Lancaster Co. NE.",2026-06-18
Mississippi Valley Fair,Davenport,IA,Scott,270,Overnight,August,Aug 4-9,~295000 (6-day),Not researched,Mailed Commercial Space Application,vicky@mvfair.com / 563-326-5338,mvfair.com/commercial-space,Verified,Quad Cities. 200+ commercial vendor spaces. Apply by mail / call Vicky.,2026-06-17
Birthplace of Route 66 Festival,Springfield,MO,Greene,165,Overnight,August,Aug 7-8,65000+ (expecting 70000+),Not researched,Vendor application,route66festivalsgf.com/vendors,route66festivalsgf.com/vendors,Verified,Downtown Springfield. Free to public.,2026-06-17
Missouri State Fair,Sedalia,MO,Pettis,90,Day trip,August,Aug 13-23,329000-350000,"Outdoor concession $75-$105 per front foot (10-ft min, electric extra); indoor booths $750-$1,100",2026 Vendor Application PDF to Concessions Dept (mail/email/fax),vendors@mda.mo.gov / fax 660-827-8160,mostatefair.com/participate/commercial/vendor-concessionaire,Verified,BEST big-fair target - largest event reachable without serious travel. Conflicts with Iowa State Fair (same dates).,2026-06-17
Iowa State Fair,Des Moines,IA,Polk,200,Overnight,August,Aug 13-23,Large (11-day),19.5% of gross after sales tax (min $80 per front foot); $25 per front foot deposit when space offered,Commercial space application - cycle OPENS IN JANUARY,iowastatefair.org,iowastatefair.org/participate/commercial-space,Verified,DATE CONFLICT with Missouri State Fair (identical Aug 13-23) - pick one. Prior exhibitors get first option.,2026-06-17
Illinois State Fair,Springfield,IL,Sangamon,140,Overnight,August,Aug 13-23 (2026),Large,Not researched,Food vendor applications via statefair.illinois.gov/food/vendor-applications.html,statefair.illinois.gov,statefair.illinois.gov/food/vendor-applications.html,Verified - food vendors,"Illinois State Fair, Springfield: food concessionaire/vendor applications. Sangamon Co. IL.",2026-06-18
Nebraska State Fair,Grand Island,NE,Hall,419,Overnight,Aug-Sep,Aug 28 - Sep 7 (ends Labor Day),Large,Greater of $600 guarantee OR 18% of gross less sales tax per location (guarantee due before Jul 1); free to apply,"Embedded online application - pick ""Concession (food or beverage)""",Keaton Irwin kirwin@statefair.org / 308-382-1620,statefair.org/food-vendors/vendor-application,Verified,New application required each year.,2026-06-17
SeptemberFest Omaha,Omaha,NE,Douglas,340,Overnight,September,Sep 1-4 (2026),20000+ festival (~40000 parade),Not researched,Vendor info via septemberfestomaha.com,septemberfestomaha.com,septemberfestomaha.com,Verified - food vendors,"SeptemberFest Omaha Labor Day Salute: parade, carnival, international food booths, music. Douglas Co. NE.",2026-06-18
MO Food Truck Fest,Springfield,MO,Greene,165,Overnight,September,Saturday (Sep 12),Mid-size,Not researched,Email application,larry@ozarkempirefair.com / 417-833-2660,mofoodtruckfest.wordpress.com,Verified,At Ozark Empire Fairgrounds. As of mid-2026 Taco/BBQ/Sweet categories reportedly booked - hot dog truck may still have an opening.,2026-06-17
Belleville Oktoberfest,Belleville,IL,St. Clair,120,Day trip,September,Sep 18-20 (2026),3-day,Not researched,Vendor registration at bellevilleoktoberfest.com,Belleville Chamber of Commerce,bellevilleoktoberfest.com,Verified - food vendors,45th annual; Belleville Public Square.,2026-06-18
Hermann Harvest Festival,Hermann,MO,Gasconade,75,Day trip,September,Sep 26 (10a-5p),Wine-country crowd ($5 admission),Not researched,Vendor application,visithermann.com,visithermann.com/event/hermann-harvest-festival-4,Verified - food trucks,At 231 E 5th St. Explicitly features food trucks + craft vendors.,2026-06-17
Old Munichburg Oktoberfest,Jefferson City,MO,Cole,30,Day trip,September,Saturday Sep 26,25th annual (10a-6p),Not researched,Public vendor application PDF,oldmunichburg.com,oldmunichburg.com/oktoberfest.html,Verified - food vendors,Historic Southside/Munichburg district. Craft + food vendors + beer/wine garden. Hot dogs already served at the beer garden - strong fit.,2026-06-17
18th & Vine Arts Festival,Kansas City,MO,Jackson,126,Day trip,September,Sep 25-27,Thousands (selects 10 trucks),Fri $125 / Sat $225 / Sun $125 / full weekend $400; no application fee,Dedicated food truck application page,info@18thandvineartsfest.org,18thandvineartsfestival.com/foodtruck,Verified,Explicitly food-truck-friendly. Historic 18th & Vine Jazz District.,2026-06-17
Tulsa State Fair,Tulsa,OK,Tulsa,346,Overnight,October,Oct 1-11,Large,Not researched,Online vendor space app - product/menu/setup photos required (up to 4 files),tulsastatefair.com,tulsastatefair.com,Verified,REVIEW PROCESS BEGINS MAY 1 - apply early. Expo Square.,2026-06-17
Celebrate Nashville Cultural Festival,Nashville,TN,Davidson,480,Overnight,October,First Saturday (Oct 3),Large,Food truck space $350; single 10x10 tent $300 (pay after approval),2026 food vendor application,celebratenashville.org,celebratenashville.org/2026-food-vendor-application,Verified,Centennial Park. Outer edge of radius (~480 mi).,2026-06-17
Hermann Oktoberfest,Hermann,MO,Gasconade,75,Day trip,October,All weekends in October,Wine-country crowds,Not researched,See visithermann.com,visithermann.com,visithermann.com/festivals-events,Verified,"German food/wine/beer/music every October weekend. Sub-events: Arts & Crafts Fest Oct 11-12, Witches & Wine Oct 16.",2026-06-17
Hartsburg Pumpkin Festival,Hartsburg,MO,Boone,20,Day trip,October,Oct 10-11 (9a-5p both days),25000-30000+ (150+ craft vendors),Not researched,Online 2026 vendor application,hartsburgpumpkinfest.com,hartsburgpumpkinfest.com/vendor.php,Verified - food trucks,Short drive south along the Katy Trail. Explicitly accepts food vendors. Huge draw for a tiny town - strong opportunity.,2026-06-17
Arkansas State Fair,Little Rock,AR,Pulaski,376,Overnight,October,Oct 16-25,Large,"Not researched - requires proof of $1,000,000 general liability insurance",Online application - accepted YEAR-ROUND no deadline,vendors@asfg.net / 501-372-8341,arkansasstatefair.com,Verified,"Pick ""Outside - Food & Beverage."" Needs food menu + electrical (110v/30A to 220v/100A).",2026-06-17
Living Windows Festival,Columbia,MO,Boone,0,Hometown,December,"First Friday Dec (Dec 4, 2026), 6-8pm",Downtown holiday crowd,Not researched,Via The District (discoverthedistrict.com),discoverthedistrict.com,discoverthedistrict.com,Verified,"Downtown Columbia (The District) 2-hr holiday evening: living window displays, open houses, shopping; limited food vending (weak fit). Boone Co.",2026-06-18
Roots N Blues / Treeline,Columbia,MO,Boone,0,Hometown,September,N/A,N/A,N/A,N/A,N/A,N/A,DEFUNCT - do not pursue,Both Roots N Blues and successor Treeline are dead (funds squandered). No major music festival in Columbia MO at this time.,2026-06-17
World Food & Music Festival,Des Moines,IA,Polk,200,Overnight,August,Aug 28-30,"~100,000-125,000",Not researched,Food/food-truck application form,aregole@downtownDSMUSA.com,dsmpartnership.com/worldfoodandmusicfestival,Verified-regional,Des Moines hub. Western Gateway Park. Food trucks explicitly invited. STANDOUT.,2026-06-17
Beaverdale Fall Festival,Des Moines,IA,Polk,200,Overnight,September,Sep 18-19,15+ food trucks,Not researched,EventHub application,vendors@fallfestival.org,fallfestival.org,Verified-regional,"Des Moines hub. Strict terms ($1M insurance, IA temp food license, Beaver Bucks).",2026-06-17
Iowa's Latino Heritage Festival,Des Moines,IA,Polk,200,Overnight,September,Sep 26-27,Large (2-day),Not researched,Online vendor form (apply from Feb 1),Director@latinoheritagefestival.org,latinoheritagefestival.org,Verified-regional,Des Moines hub. Western Gateway Park. Tented food booths (concession). Apply early.,2026-06-17
Freedom FEASTival,Cedar Rapids,IA,Linn,255,Overnight,June,Jun 11 (11a-7p),Food-truck-centric,Not researched,See festival,freedomfestival.com/feastival,freedomfestival.com/feastival,Verified-regional,Cedar Rapids hub. Greene Square Park. Food trucks are the whole premise. STANDOUT.,2026-06-17
NewBo City Market Food Truck Tuesdays,Cedar Rapids,IA,Linn,255,Overnight,May-Aug (weekly),Tue 11a-2p,3 trucks/week,Not researched,MarketSpread (market #34877),newbocitymarket.org,newbocitymarket.org/food-truck-tuesdays,Verified-regional,Cedar Rapids hub. Recurring weekday slot - cluster filler. Bring generator.,2026-06-17
Anamosa Pumpkinfest,Anamosa,IA,Jones,280,Overnight,October,Oct 3,Dozens of vendors,Not researched,Google Form,anamosapumpkinfest.com,anamosapumpkinfest.com,Verified-regional,~27 mi from Cedar Rapids. Concession-friendly fall festival.,2026-06-17
Bettendorf 4th of July Festival,Bettendorf,IA,Scott,270,Overnight,July,Jul 4 (noon-10p),14-15 food vendors,Not researched,Confirm with city (no open app published),bettendorf.org,bettendorf.org/community/street_fest_vendors,Verified-regional,Quad Cities hub. Spruce Hills Dr. Free city festival.,2026-06-17
Alternating Currents,Davenport,IA,Scott,270,Overnight,August,Aug 13-16,Large (40+ venues),Not researched,Contact organizers,alternatingcurrentsqc.com,alternatingcurrentsqc.com,Verified-regional,Quad Cities hub. Music/film/comedy/art. Confirm food-vendor logistics directly.,2026-06-17
Marketplace at 2500,Moline,IL,Rock Island,270,Overnight,Year-round,Rotating daily,Food truck park,Not researched,Request a spot via form,marketplaceat2500@gmail.com,marketplaceat2500.com,Verified-regional,Quad Cities hub. Permanent food-truck court - recurring booking venue.,2026-06-17
Northside Oktoberfest & Iowa City BrewFest,Iowa City,IA,Johnson,240,Overnight,September,Late Sep,Brewfest,Not researched,See festival,northsideiowacity.org,northsideiowacity.org,Verified-regional,Cedar Rapids/Iowa City hub. Food-vendor angle weak - confirm before relying. 2026 date unverified.,2026-06-17
Cedar Rapids Downtown Farmers Market,Cedar Rapids,IA,Linn,255,Overnight,May-Sep,Sat 7:30a-12p,Major weekend draw,Not researched,Metro Economic Alliance,cedar-rapids.org,cedar-rapids.org,Verified-regional,Cedar Rapids hub. Large Sat market - investigate prepared-food/food-truck slots.,2026-06-17
O'Fallon Food Truck Frenzy / Fright,O'Fallon,MO,St. Charles,110,Day trip,May/Oct,Frenzy May 29 + Oct 9; Fright Oct,Food-truck showcase,Not researched,Tourism & Festivals dept (confirm app path),jchwascinski@ofallonmo.gov / 636-379-5502,ofallon.mo.us/food-truck-frenzy,Verified-regional,STL hub. Dames Park. Dedicated food-truck events since 2014. STANDOUT.,2026-06-17
Dardenne Prairie Summer Concert & Food Truck Rally,Dardenne Prairie,MO,St. Charles,115,Day trip,May-Sep,Select Fridays 6:30-9:30p,Food truck rally,Not researched,Parks & Rec,nichole@dardenneprairie.org / 636-755-5308,dardenneprairie.org,Verified-regional,"STL hub. City Hall Park. 2026: Jun 26, Aug 21, Sep 26. STANDOUT.",2026-06-17
Festival of the Little Hills,St. Charles,MO,St. Charles,100,Day trip,August,3rd full weekend,"~350,000",Not researched,"Food Committee (apps at Apr/May meetings, due May 31)",food@festivalofthelittlehills.com,festivalofthelittlehills.com,Verified-regional,STL hub. Historic Main St + Frontier Park. CAVEAT: favors LOCAL non-profits.,2026-06-17
Collinsville Italian Fest,Collinsville,IL,Madison,120,Day trip,September,Sep 18-19,30+ food vendors,Not researched,Food Vendor Application PDF (deadline Aug 1),Collinsville Chamber,italianfest.net/food,Verified-regional,STL Metro East hub. CAVEAT: prioritizes LOCAL vendors with Italian menus.,2026-06-17
Highland Schweizerfest,Highland,IL,Madison,120,Day trip,June,Jun 12-14,Carnival + vendors,Not researched,Highland Jaycees / Chamber,highlandjaycees.com / 618-654-3721,highlandil.gov,Verified-regional,STL Metro East hub. Downtown square. Active food/drink vendors.,2026-06-17
Belleville Art on the Square,Belleville,IL,St. Clair,120,Day trip,May,May 15-17,100+ artists,Not researched,ZAPP / festival,artonthesquare.com,artonthesquare.com,Verified-regional,STL Metro East hub. CAVEAT: juried ART fair with food vendors - NOT a food-truck venue.,2026-06-17
Land of Goshen Community Market,Edwardsville,IL,Madison,110,Day trip,May-Oct,Sat,~60 vendors,Not researched,Food Vendor Regulations (Temp Food Service),goshenmarket.org,goshenmarket.org/participate-vendors,Verified-regional,STL Metro East hub. Producer-focused farmers market; prepared food accommodated.,2026-06-17
Wentzville Days Fair & Music Festival,Wentzville,MO,St. Charles,95,Day trip,May,May 15-17,Community festival,Not researched,Parks & Rec,wentzvillemo.gov,wentzvillemo.gov,Verified-regional,STL hub. Historic Downtown Wentzville. Food/drink/craft vendors (program less certain).,2026-06-17
Missouri Cherry Blossom Festival,Marshfield,MO,Webster,144,Day trip,April,Apr 23-26,Festival,Not researched,2026 vendor app PDF,Webster County Health Unit 417-859-2532,cherryblossomfest.com,Verified-regional,Springfield/Ozarks hub. ~27 mi from Springfield. Liability insurance required.,2026-06-17
Ozarks Food Truck Rally,Springfield,MO,Greene,165,Overnight,May-June,Late May/early Jun (11a-7p),20+ trucks,Not researched,Email application,Larry@ozarkempirefair.com / 417-833-2660,ozarkempirefair.com,Verified-regional,Springfield hub. Ozark Empire Fairgrounds. Hot dogs explicitly featured. STANDOUT. Distinct from MO Food Truck Fest.,2026-06-17
Laclede County Fair,Lebanon,MO,Laclede,155,Overnight,July,Jul 4-11,County fair,Not researched,Confirm food slot,lacledecountyfair.org,lacledecountyfair.org,Verified-regional,Springfield/Ozarks hub. Food-truck slot NOT independently verified - confirm.,2026-06-17
Ozark Empire Fair,Springfield,MO,Greene,165,Overnight,Jul-Aug,Jul 30-Aug 8,"150,000+",Not researched,Vendor app/handbook,larry@ozarkempirefair.com / 417-833-2660,ozarkempirefair.com/p/fair/vendors,Verified-regional,Springfield hub. Largest annual event in the Ozarks. Food trucks solicited. STANDOUT.,2026-06-17
Republic Pumpkin Daze,Republic,MO,Greene,175,Overnight,October,Oct 2-3,300+ booths,Not researched,"Brushfire (opens Jun 1, thru Sep 1)",vendors@republicpumpkindaze.com,republicpumpkindaze.com,Verified-regional,Springfield/Ozarks hub. J.R. Martin Park. 35th annual. Food trucks.,2026-06-17
Ozark Craft Fair,Ozark,MO,Christian,175,Overnight,October,Oct 2-4,350+ vendors,Not researched,GFWC Utopia Club,ozarkcraftfair.com,ozarkcraftfair.com,Verified-regional,Springfield/Ozarks hub. Finley River Park. 52nd annual. Food vendors.,2026-06-17
417 Christmas Market,Springfield,MO,Greene,165,Overnight,December,Dec (dates unconfirmed),200+ vendors,Not researched,Springfield Expo Center,417-522-1160,springfieldexpo.com,Verified-regional,Springfield hub. 200+ vendors + food trucks. Exact 2026 dates UNCONFIRMED.,2026-06-17
Branson Market Days / Hometown Market Days,Branson,MO,Taney,205,Overnight,Twice yearly,2-day,250+ booths,$400 food-truck space,Food vendor application,bransonmarketdays.com,bransonmarketdays.com/apply-food-vendor,Verified-regional,Springfield/Ozarks hub. CAVEAT: caps at only 3 food trucks. Taney County permit required.,2026-06-17
Third Thursday,Joplin,MO,Jasper,140,Day trip,Mar-Oct (monthly),3rd Thu 5:30-8:30p,"5,000-8,000/month",Not researched,Monthly food-vendor process (Health Dept 417-623-6122),downtownjoplin.com,downtownjoplin.com/thirdthursday,Verified-regional,Springfield/Ozarks hub (Joplin). 100-150 vendors. STANDOUT for repeatable attendance.,2026-06-17
Food Truck Friday (Central Park),Carthage,MO,Jasper,140,Day trip,Apr-Sep (monthly),2nd Fri 11a-9p,Food-truck-centered,Not researched,Vendor page,m.little@carthagemo.gov / 417-423-8075,visitcarthage.com/foodtruckfriday,Verified-regional,Springfield/Ozarks hub. Food trucks are 'the main event.' ~17 mi NE of Joplin.,2026-06-17
Hold Fast Brewing,Springfield,MO,Greene,165,Overnight,Year-round,Near-daily,Brewery rotation,Not researched,Direct outreach (no app link),hfbrewing.com,hfbrewing.com/food-truck-schedule,Verified-regional,Springfield hub. ~35 food-truck slots/month. Informal booking - cluster filler.,2026-06-17
Crossroads First Fridays,Kansas City,MO,Jackson,125,Day trip,Apr-Oct (monthly),1st Fri 5-9p,"10,000+/month",~$200/event,Eventeny,hello@artgardenkc.org,kccrossroads.org/first-fridays,Verified-regional,KC hub. Art Garden KC. 20-truck Food Truck Plaza. STANDOUT for frequency. (Jul = Night Market).,2026-06-17
Lenexa Food Truck Frenzy,Lenexa,KS,Johnson,130,Day trip,Jul & Sep,Jul 18 + Sep 19,Food-truck showcase,Not researched,Lenexa Parks & Rec form,lenexa.com,lenexa.com/City-Calendar/Annual-Events/Food-Truck-Frenzy,Verified-regional,KC hub. 'The metro's best food trucks.' STANDOUT truck-native event.,2026-06-17
Parkville Days,Parkville,MO,Platte,125,Day trip,August,Late Aug (~Aug 21-23),75+ vendors,Not researched,Main St Parkville Assoc (food-truck tier),parkvilleevents@gmail.com,parkvillemo.org/whatsgoingon/parkville-days,Verified-regional,KC hub. Dedicated 'Major Food - Concession or Food Truck' tier. Platte County permit.,2026-06-17
Santa-Cali-Gon Days,Independence,MO,Jackson,120,Day trip,September,Sep 4-7 (Labor Day),"~300,000",Not researched,Open vendor application,valerie@ichamber.biz / 816-800-2642,santacaligon.com,Verified-regional,KC hub. Historic Independence Square. Open food vending. STANDOUT for scale.,2026-06-17
Lenexa Spinach Festival,Lenexa,KS,Johnson,130,Day trip,September,Sep 12,13 food vendors,Not researched,Lenexa Parks & Rec food-vendor form,lenexa.com,lenexa.com/Events-Activities/Get-Involved/Food-Vendor-Opportunities,Verified-regional,KC hub. Largest food-vendor count of Lenexa fests. Returning vendors get first refusal.,2026-06-17
Great Lenexa BBQ Battle,Lenexa,KS,Johnson,130,Day trip,June,~Jun 26-27,7 food vendors,Not researched,Lenexa Parks & Rec form,lenexa.com,lenexa.com/Events-Activities/Get-Involved/Food-Vendor-Opportunities,Verified-regional,KC hub. Small food-vendor count - limited openings.,2026-06-17
Lenexa Chili Challenge,Lenexa,KS,Johnson,130,Day trip,October,~Oct 9-10,6 food vendors,Not researched,Lenexa Parks & Rec form,lenexa.com,lenexa.com/Events-Activities/Get-Involved/Food-Vendor-Opportunities,Verified-regional,KC hub. Small food-vendor count - limited openings.,2026-06-17
Lenexa Art Fair,Lenexa,KS,Johnson,130,Day trip,May,May 9,6 food trucks,Not researched,Lenexa Parks & Rec form,lenexa.com,lenexa.com/Events-Activities/Get-Involved/Food-Vendor-Opportunities,Verified-regional,KC hub. Includes food trucks. Small count.,2026-06-17
Blue Springs Fall Fun Festival,Blue Springs,MO,Jackson,100,Day trip,September,Sep 18-20,Community festival,Not researched,2026 vendor application ($1M insurance),rhall@bluespringschamber.com,bluespringsfallfestival.com/apply,Verified-regional,KC hub. Explicit 'Attention Food Trucks' regs. Downtown Blue Springs.,2026-06-17
Plaza Art Fair,Kansas City,MO,Jackson,125,Day trip,September,Mid-Sep,"250,000+",Not researched,Confirm food program,kansascity.com,countryclubplaza.com,Verified-regional,KC hub. Huge art fair - food is curated restaurant booths (weaker food-truck fit).,2026-06-17
Lee's Summit Oktoberfest,Lee's Summit,MO,Jackson,115,Day trip,September,Late Sep (~Sep 25-27),"~100,000",Not researched,See festival,lsoktoberfest.com,lsoktoberfest.com,Verified-regional,KC hub. Downtown Lee's Summit. Large food/craft vendor count.,2026-06-17
Guthrie Green Food Truck Wednesday,Tulsa,OK,Tulsa,346,Overnight,Apr-Jun (weekly),Wed 11a-2p,6-8 trucks,Not researched,Open vendor app (/food-truck),guthriegreen.com,guthriegreen.com/food-truck,Verified-regional,Tulsa hub. 13th year. Recurring weekday gig - cluster filler.,2026-06-17
Rose District Farmers Market,Broken Arrow,OK,Tulsa,360,Overnight,Apr-Oct (weekly),Tue 4-8p / Sat 8a-12p,15+ trucks Tue,Not researched,City of Broken Arrow,brokenarrowok.gov,brokenarrowok.gov,Verified-regional,Tulsa hub. 15+ rotating food trucks at BA Brewery lot Tuesdays.,2026-06-17
Owasso Spring Fling,Owasso,OK,Tulsa,346,Overnight,April,Apr 11 (10a-2p),Free family event,Not researched,2026 vendor app form,cityofowasso.com,cityofowasso.com/769/Spring-Fling,Verified-regional,Tulsa hub. Redbud Festival Park. Variety of food trucks. Smaller event.,2026-06-17
Tulsa International Mayfest,Tulsa,OK,Tulsa,346,Overnight,May,May 29-30 (2026 reduced),Large,Not researched,Food vendor application page,tulsamayfest.org,tulsamayfest.org/apply-food-vendors,Verified-regional,Tulsa hub. 2026 'Road Trip' reduced format; full festival returns 2027. STANDOUT (2027).,2026-06-17
Blue Dome Arts Festival,Tulsa,OK,Tulsa,346,Overnight,May,Mid-May (~May 19-21),"~75,000",Not researched,City of Tulsa Special Events Office,cityoftulsa.org,cityoftulsa.org,Verified-regional,Tulsa hub. Blue Dome District. 200+ vendors. STANDOUT for size.,2026-06-17
Broken Arrow Rooster Days,Broken Arrow,OK,Tulsa,360,Overnight,May,May 14-17,"95th yr, 100+ vendors",Not researched,Food-vendor application PDF,roosterdays.com,roosterdays.com/vendors,Verified-regional,Tulsa hub. Central Park on Main. Dedicated food track. STANDOUT. Apply early (2026 closed).,2026-06-17
Bartlesville SunFest,Bartlesville,OK,Washington,390,Overnight,May,May 29-31 (Memorial wknd),Large,Not researched,Food-vendor page,sunfestbville@gmail.com,bartlesvillesunfest.org/food,Verified-regional,Tulsa hub (+45 mi N). Sooner Park. 40th annual. STANDOUT. 2026 food spots full - apply early.,2026-06-17
Owasso Community Movie Nights,Owasso,OK,Tulsa,346,Overnight,May-Aug (monthly),"5/16, 6/20, 7/18, 8/15",Small free events,Not researched,City of Owasso,cityofowasso.com,cityofowasso.com/611/Annual-Events,Verified-regional,Tulsa hub. Redbud Festival Park. Small - only as fill between bigger gigs.,2026-06-17
Bixby Green Corn Festival,Bixby,OK,Tulsa,360,Overnight,June,Jun 24-27,Food/craft booths,Not researched,Jim Kirkpatrick,918-520-8815,bixbyoptimist.com/vendors,Verified-regional,Tulsa hub. Bentley Park. Booth-bound only (no roaming). Apps open ~early March.,2026-06-17
Taste On Main Food Truck Festival,Broken Arrow,OK,Tulsa,360,Overnight,TBD,Date fuzzy,24+ trucks,Not researched,Facebook,facebook.com/Tasteonmainba,facebook.com/Tasteonmainba,Verified-regional,Tulsa hub. Rose District. Highly food-truck-focused. Confirm 2026 date.,2026-06-17
Owasso Harvest & Pet Festival,Owasso,OK,Tulsa,346,Overnight,October,Oct 10 (11a-4p),Free fall event,Not researched,City of Owasso,cityofowasso.com,cityofowasso.com/611/Annual-Events,Verified-regional,Tulsa hub. Redbud Festival Park. Food trucks + booth vendors.,2026-06-17
Tulsa Oktoberfest,Tulsa,OK,Tulsa,346,Overnight,October,Oct 22-25,Very large (#1 US),Not researched,Applications reopen each March,tulsaoktoberfest.org,tulsaoktoberfest.org/applications,Verified-regional,Tulsa hub. River West Festival Park. WEAK FIT: prioritizes German cuisine + fixed booths over trucks.,2026-06-17
Marshall Brewing Company,Tulsa,OK,Tulsa,346,Overnight,Year-round (intermittent),Varies,Brewery,Not researched,Facebook Events,marshallbrewing.com,marshallbrewing.com,Verified-regional,Tulsa hub. Intermittent food-truck bookings - supplemental fill only.,2026-06-17
Final Friday Food & Booze Truck Rally,Wichita,KS,Sedgwick,280,Overnight,Mar-Oct (monthly),Last Fri 5-9:30p,~20 trucks,Not researched,Xclusive Event Services,xclusiveeventservices.com,visitwichita.com,Verified-regional,Wichita hub. Wichita Boathouse. 8 bookings/season from one relationship. STANDOUT repeatable gig.,2026-06-17
Kansas State Fair,Hutchinson,KS,Reno,280,Overnight,September,Sep 11-20,"~300,000",Not researched,Commercial Vendor App (available January),kansasstatefair.gov,kansasstatefair.gov,Verified-regional,Wichita hub (+50 mi NW). MEGA-EVENT. CAVEAT: food spaces at capacity - waitlist only.,2026-06-17
Smoky Hill River Festival,Salina,KS,Saline,280,Overnight,June,Jun 11-14,"~50,000-60,000",Not researched,Online food vendor app,sah@salina.org / 785-309-5770,riverfestival.com,Verified-regional,"Wichita hub (Salina, ~90 mi N). Oakdale Park. 30+ food vendors. STANDOUT. 2026 closed; 2027 opens Fall 2026.",2026-06-17
Smoke on the Plains (Derby BBQ & Music Fest),Derby,KS,Sedgwick,290,Overnight,June,Jun 12-13,BBQ fest,Not researched,Paid vendor packages,derbybbq.com,derbybbq.com/vendor,Verified-regional,Wichita hub. High Park. 'Food Truck Row.' 15th annual.,2026-06-17
Downtown Hutchinson Rod Run,Hutchinson,KS,Reno,280,Overnight,October,Oct 2-3,"~25,000",Not researched,See organizer,downtownhutchrodrun.com,downtownhutchrodrun.com,Verified-regional,Wichita hub. 'Pit Stop' Food Trucks & Beer Garden. Coincides with Hutch Brewfest.,2026-06-17
Junction City Oktoberfest,Junction City,KS,Geary,150,Day trip,October,Oct 2-3,50+ vendors,Not researched,Online Vendor Sign-Up,junctioncityoktoberfest.com,junctioncityoktoberfest.com/about,Verified-regional,Closer than Wichita (~150 mi). Washington St. 50+ food/craft vendors + craft beer.,2026-06-17
Wichita Ribfest,Wichita,KS,Sedgwick,280,Overnight,May,Mid-May (3rd weekend),BBQ fest,Not researched,Confirm 2026,intrustbankarena.com,intrustbankarena.com,Verified-regional,Wichita hub. City Lot D by INTRUST Bank Arena. 2026 dates inferred - confirm.,2026-06-17
Taste of Omaha,Omaha,NE,Douglas,340,Overnight,May-June,Late May/early Jun (Fri-Sun),"~100,000-125,000",Not researched,Restaurant/food application form,showofficeonline.com,showofficeonline.com/TasteHome,Verified-regional,Omaha hub. Heartland of America Park. 50+ food establishments. STANDOUT.,2026-06-17
Junkstock,Waterloo,NE,Douglas,345,Overnight,May & Oct,"4 weekends (May 1-10, Oct 2-11)",23+ food trucks,Not researched,Dedicated food-vendor page,junkstock.com,junkstock.com/spring2026foodvendors,Verified-regional,Omaha hub. Sycamore Farms. 4 gig weekends/year. STANDOUT.,2026-06-17
"T&T: Trucks, Taps, Patio",Omaha,NE,Douglas,340,Overnight,Year-round,Lunch/dinner slots,Taproom,Not researched,Online guest-truck form,BookTandT@gmail.com,tandtomaha.com/guest-truck,Verified-regional,Omaha hub. Standing taproom that recruits guest trucks. Flexible non-event booking. Book 7 days ahead.,2026-06-17
Wilber Czech Festival (Czech Days),Wilber,NE,Saline,320,Overnight,Jul-Aug,Jul 31-Aug 2,65th annual,Not researched,Vendor app (due May 31),czechdaysvendors@gmail.com,nebraskaczechsofwilber.com/czech-days,Verified-regional,Lincoln area hub (~40 mi SW). Downtown. Food/drink vendors. STANDOUT cultural fest.,2026-06-17
John C. Fremont Days,Fremont,NE,Dodge,370,Overnight,July,Jul 10-12,Citywide festival,City Park booths $550; offsite $75/day,Food Vendor Application PDF,johncfremontdays.org,johncfremontdays.org/entry-forms,Verified-regional,Omaha hub (+~35 mi NW). NE Sales Tax ID + insurance + $100 deposit required.,2026-06-17
Arrows to Aerospace,Bellevue,NE,Sarpy,335,Overnight,August,Aug 13-15,55th annual,Not researched,Direct contact,drichter3@cox.net / 402-578-5302,bokiwanis.org/arrows-to-aerospace,Verified-regional,"Omaha hub. Bellevue. Welcomes food vendors (generic, not 'food trucks' specifically).",2026-06-17
Fiestas Patrias,Omaha,NE,Douglas,340,Overnight,September,Sep 11-13,Large street festival,Not researched,Casa de la Cultura,fiestaomaha.com,fiestaomaha.com,Verified-regional,Omaha hub. South Omaha (24th & N). Mexican Independence. Food vendors + beer garden.,2026-06-17
German Day Oktoberfest,Omaha,NE,Douglas,340,Overnight,September,~Sep 18-20,142nd,Not researched,German-American Society,germanamericansociety.org,germanamericansociety.org/oktoberfest,Verified-regional,Omaha hub. DOUBTFUL fit - food appears society-provided; no outside food-truck app found.,2026-06-17
Council Bluffs Farmers Market,Council Bluffs,IA,Pottawattamie,340,Overnight,May-Sep,Thu 4:30-7:30p,Local market,Not researched,FMCB / MarketSpread,councilbluffsiowa.com,councilbluffsiowa.com/farmers-market-council-bluffs,Verified-regional,Omaha hub (across river). Confirm prepared-food/concession eligibility.,2026-06-17
Papillion Days,Papillion,NE,Sarpy,345,Overnight,June,Jun 17-21 (Father's Day wknd),79th annual,Not researched,'Market in the Park' (FULL for 2026),papillionfoundation.org,papillionfoundation.org/papillion-days,Verified-regional,Omaha hub. CAVEAT: food-truck slots FULL for 2026 - a 2027 lead.,2026-06-17
Vala's Pumpkin Patch,Gretna,NE,Sarpy,350,Overnight,Fall,Sep-Oct,Large,N/A,No outside vendors,valaspumpkinpatch.com,valaspumpkinpatch.com,Excluded,Omaha hub. NOT VIABLE: internal-only food stands; runs its own hot-dog stand (Darby's Dog Depot).,2026-06-17
Mid-South Food Truck Festival,Memphis,TN,Shelby,290,Overnight,April,Apr 19 (12-5p),~30 trucks,Not researched,Email application,events@cynthiadanielsco.com,downtownmemphis.com/do/mid-south-food-truck-festival,Verified-regional,Memphis hub. Martyr's Park. Food-truck-centric. STANDOUT. 11th annual (plan 2027).,2026-06-17
Food Truck Thursday (Memphis),Memphis,TN,Shelby,290,Overnight,Year-round (weekly),Thu 11a-2p,Lunch crowd,Not researched,Downtown Memphis Commission,cotton@downtownmemphis.com,downtownmemphis.com/events/food-truck-thursday,Verified-regional,Memphis hub. Court Square Park. Weekly recurring. Lunch window limits revenue.,2026-06-17
Germantown Festival,Germantown,TN,Shelby,295,Overnight,September,Sep 12-13,"52+ yr, 18-22 food spaces",Not researched,Food Chairman (separate from general form),vincemorelli@bellsouth.net / 901-502-5302,germantownfest.com/foodvendors,Verified-regional,Memphis hub. Germantown Civic Club Complex. STANDOUT. Shelby Co health inspection.,2026-06-17
Fall Fest Memphis Food Truck Vendor Fair,Collierville,TN,Shelby,300,Overnight,October,Oct 16-17,Food truck fair,Not researched,Email Kathy Schiavone,kathy@fallfestmemphis.org,fallfestmemphis.org/festival-events/food-truck-vendor-fair,Verified-regional,Memphis hub. Church of the Incarnation. Explicitly welcomes food trucks. STANDOUT.,2026-06-17
"Bartlett Festival, BBQ Contest & Car Show",Bartlett,TN,Shelby,300,Overnight,October,Oct 2-3,Large BBQ fest,N/A,NOT taking food trucks (2026),cityofbartlett.org,cityofbartlett.org/628,Excluded,Memphis hub. EXCLUDED: official site says not accepting food truck/concession vendors for 2026. Recheck 2027.,2026-06-17
Middle TN Food Truck Festival & Competition,Hendersonville,TN,Sumner,431,Overnight,August,Aug 15,Food-truck competition,Not researched,midtnfoodtrucks.com,midtnfoodtrucks.com,midtnfoodtrucks.com,Verified-regional,"Nashville hub. Veterans Park. True food-truck competition w/ 5 awards + $1,000+ prizes. STANDOUT.",2026-06-17
Street Eats: Food Truck Thursday (Nashville),Nashville,TN,Davidson,431,Overnight,Year-round (weekly),Thu 11a-2p,Up to 20 trucks,Not researched,BestFoodTrucks,bestfoodtrucks.com/lots/streeteatsdowntown,nashvilledowntown.com/do/street-eats,Verified-regional,Nashville hub. Deaderick St. Weekly recurring. Book via BestFoodTrucks.,2026-06-17
Nashville Oktoberfest,Nashville,TN,Davidson,431,Overnight,Fall,October,Large,"Food-truck slot ~$2,000",Become-a-vendor (Food Truck category),thenashvilleoktoberfest.com,thenashvilleoktoberfest.com/become-a-vendor,Verified-regional,Nashville hub. Historic Germantown / Bicentennial Mall. Explicit Food Truck category. High fee.,2026-06-17
Franklin Main Street Festival,Franklin,TN,Williamson,440,Overnight,April,Apr 25-26,"120,000+",Not researched,Heritage Foundation / Eventeny,williamsonheritage.org,williamsonheritage.org,Verified-regional,Nashville hub. Downtown Franklin. CAVEAT: 2026 deadlines passed - plan 2027.,2026-06-17
Franklin PumpkinFest,Franklin,TN,Williamson,440,Overnight,October,Oct 24-25,"~115,000",Not researched,Eventeny (deadline Sep 18),williamsonheritage.org,eventeny.com/events/pumpkinfest-2026-26429,Verified-regional,Nashville hub. Heritage Foundation. Large fall festival.,2026-06-17
Franklin Dickens of a Christmas,Franklin,TN,Williamson,440,Overnight,December,Dec 12-13,"100,000+",Not researched,Eventeny (deadline Oct 28),williamsonheritage.org,eventeny.com/events/dickens-of-a-christmas-2026-26433,Verified-regional,Nashville hub. Heritage Foundation. Large December festival.,2026-06-17
Historic Downtown Gallatin event series,Gallatin,TN,Sumner,440,Overnight,Spring-Dec,"Square Fest, Main St Fest (Oct 3), etc.","25,000-30,000+",Not researched,Eventeny portal,downtowngallatin.org,downtowngallatin.org/festival-info,Verified-regional,Nashville hub. Multi-event series. Food-truck acceptance implied (food area present).,2026-06-17
Murfreesboro Parks & Rec events,Murfreesboro,TN,Rutherford,420,Overnight,Year-round,Varies,Park events,Not researched,INVITE-ONLY contact list,murfreesborotn.gov,murfreesborotn.gov/2704/Food-Trucks-at-Parks-Rec-Events,Verified-regional,Nashville hub. Invite-only + city Mobile Food permit required. Lower priority.,2026-06-17
"Bikes, Blues & BBQ",Rogers,AR,Benton,250,Overnight,Sep-Oct,Sep 30-Oct 3,"275,000-350,000+",Not researched,Online vendor app + food-vendor PDF,bikesbluesandbbq.org,bikesbluesandbbq.org/vendors-sponsors,Verified-regional,NW Arkansas hub. Largest-attendance event found. Charity motorcycle rally. STANDOUT.,2026-06-17
Downtown Bentonville First Fridays,Bentonville,AR,Benton,250,Overnight,Apr-Oct (monthly),"1st Fri, trucks open 11a",Recurring,Not researched,Paperform (one seasonal app Feb 5-Sep 5),downtownbentonville.org,downtownbentonville.org/events/apply,Verified-regional,NW Arkansas hub. Bentonville Square. Single seasonal application covers whole season.,2026-06-17
The Boardwalk Food Court,Springdale,AR,Washington,250,Overnight,Year-round,Daily,11 vendors,Not researched,Become-a-Vendor PDF,fun@nwaboardwalk.com,theboardwalknwa.com/become-a-vendor,Verified-regional,NW Arkansas hub. Permanent food-truck court. Recurring venue (finite slots).,2026-06-17
Cane Hill Harvest Festival,Canehill,AR,Washington,270,Overnight,September,Sep 19,Food trucks 10a-3:30p,Not researched,Google Form (open),historiccanehillar.org,historiccanehillar.org/festival,Verified-regional,NW Arkansas hub (~20 mi SW of Fayetteville). Same weekend as Benton County Fair - cluster.,2026-06-17
Benton County Fair,Bentonville,AR,Benton,250,Overnight,September,Mid-late Sep,County fair,Not researched,Food Vendor Application (Google Form),bentoncountyfairar.org,bentoncountyfairar.org/vendor-forms,Verified-regional,NW Arkansas hub. Benton County Fairgrounds. Welcomes concessions + food trucks.,2026-06-17
Washington County Fair,Prairie Grove,AR,Washington,265,Overnight,August,Late August,AR's largest/oldest county fair,10x30 food space $300/week,Commercial Vendors page (paid by Jun 15),mywashcofair.com,mywashcofair.com/commercial-vendors,Verified-regional,NW Arkansas hub. Since 1857. Food trucks + 65 vendors. Exact 2026 dates unconfirmed.,2026-06-17
Toad Suck Daze,Conway,AR,Faulkner,350,Overnight,May,Early May (~May 1-3),30+ food vendors,Not researched,Apply ~1 yr ahead (2026 FULL),toadsuck.org,toadsuck.org/food,Verified-regional,Central AR hub. 3 food concession areas. CAVEAT: spots fill a year+ ahead.,2026-06-17
Arkansas Times Craft Beer Festival,North Little Rock,AR,Pulaski,376,Overnight,April,Apr 17,50+ breweries,Not researched,Curated/contracted food trucks,northlittlerock.org,northlittlerock.org,Verified-regional,"Central AR hub. Argenta Plaza. ~3-hr evening event - limited food slots, likely curated.",2026-06-17
Steel Horse Rally,Fort Smith,AR,Sebastian,290,Overnight,May,May 1-2,"Thousands, 75+ vendors",Not researched,2026 Vendor Application PDF,info@theSteelHorseRally.com,thesteelhorserally.com,Verified-regional,AR River Valley hub (~58 mi S of Fayetteville). Free charity rally. Open food-truck app. Combine w/ NWA trip.,2026-06-17
Centralia Anchor Festival,Centralia,MO,Boone,24,,May,May 29-31 (2026),,Not researched,Vendor application by email: downtowncentraliaevents@gmail.com,Brittney Harper (director) / centraliaanchorfest@gmail.com / 573-682-7720,centraliamochamber.org,Verified - food vendors,"Carnival-style fest: parade, car show, crafts & concessions. Weekend after Memorial Day.",2026-06-18
Ashland Bay Days Festival,Ashland,MO,Boone,16,,July,Jul 17-18 (2026),,Not researched,Food/crafter vendor application at ashlandbaydays.com (Ashland Area Chamber),Ashland Area Chamber of Commerce,ashlandbaydays.com,Verified - food vendors,"Town festival (Jul 17-18, 2026): fun run, car show, food & craft vendors.",2026-06-18
Sturgeon Summer Days Rodeo,Sturgeon,MO,Boone,26,,August,Aug 14-15 (2026),,Not researched,Contact Sturgeon Summerfest (Summerfest@sturgeon-mo.org),Summerfest@sturgeon-mo.org / 618-615-2979,summerfest.sturgeon-mo.org,Verified - food vendors,"MRCA rodeo weekend, part of Sturgeon Summerfest (Aug 14-15, 2026).",2026-06-18
Fulton Street Fair,Fulton,MO,Callaway,28,,June,Jun 11-12 (2026),,Not researched,Food vendor application at fultonstreetfair.com/vendors,,fultonstreetfair.com,Verified - food vendors,"Downtown street fair (Jun 11-12, 2026): carnival, vendors, music.",2026-06-18
Kingdom of Callaway Fair,Fulton,MO,Callaway,28,,July,Late July 2026 (TBD),,Not researched,Vendor info via Kingdom of Callaway Fair (Facebook) / Callaway Chamber,callawaychamber.net,callawaycountyfairfultonmo.com,Verified - food vendors,"Callaway County fair, Fulton: carnival, demo derby, tractor pulls, music, BBQ mutton & food vendors. Callaway Co.",2026-06-18
Central Missouri Renaissance Festival,Kingdom City,MO,Callaway,24,,May,"Apr 18-19, 25-26 & May 3-4 (2026)",,Not researched,2026 vendor application at centralmorenfest.net,centralmorenfest@gmail.com,centralmorenfest.net,Verified - food vendors,Spring-weekends Renaissance faire with food vendors.,2026-06-18
Hatton Craft Fair,Auxvasse,MO,Callaway,30,,October,Oct 3 (2026),,Not researched,Via Hatton Craft Day (Facebook) / Hatton Extension Club,facebook.com/Hatton-Craft-Day,facebook.com/Hatton-Craft-Day,Verified,51st+ annual rural craft fair (180 booths) with 7 community-run food booths; first Saturday of October; limited outside food-vendor fit (weak fit). Callaway Co.,2026-06-18
Salute to America,Jefferson City,MO,Cole,32,,July,Jul 4,,Not researched,Vendor application via salutetoamerica.org (deadline ~Jun 19),573-761-0704,salutetoamerica.org,Verified - food vendors,"Large free July 4th fest at the Capitol: parade, music, vendors.",2026-06-18
Cole County Fair,Jefferson City,MO,Cole,32,,July,Jul 28 - Aug 2 (2026),,Not researched,Contact the Jefferson City Jaycees,Jefferson City Jaycees,,Verified - food vendors,"JC Jaycees county fair: carnival, food vendors.",2026-06-18
Cooper County Fair,Boonville,MO,Cooper,28,,July,Jul 21-25 (2026),,Not researched,2026 Fair Vendor Form at coopercountyfair.org,Sandy Larm (fairground scheduler) / 660-621-2441,coopercountyfair.org,Verified - food vendors,"County fair (Jul 21-25, 2026): carnival, food & vendor booths.",2026-06-18
Big Muddy Folk Festival,Boonville,MO,Cooper,28,,April,Apr 10-11 (2026),,Not researched,Via bigmuddy.org / Friends of Historic Boonville,bigmuddy.org,bigmuddy.org,Verified,"Indoor folk-music festival at Thespian Hall, Boonville (34th yr): concerts, workshops, dance & BBQ; outside food vendors not typical (weak fit). Cooper Co.",2026-06-18
Fayette Festival of the Arts,Fayette,MO,Howard,32,,August,Aug 1 (2026),,Not researched,Vendor application at fayettefestival.org/vendors.html (FAHA),,fayettefestival.org,Verified - food vendors,"Arts festival on the courthouse square (Aug 1, 2026).",2026-06-18
Chestnut Roast Festival,New Franklin,MO,Howard,28,,October,"Saturday, early October (2026)",,Not researched,Vendor info via CenterForAgroforestry.org (MU Center for Agroforestry),,centerforagroforestry.org,Verified - food vendors,"Missouri Chestnut Roast at the MU Horticulture & Agroforestry Research Farm: farm, craft & food vendors.",2026-06-18
Higbee Fair,Higbee,MO,Randolph,35,,August,Aug 13-15 (2026),,Not researched,Contact Doug Bennett / higbeefairboard@gmail.com,Doug Bennett / higbeefairboard@gmail.com / 660-651-1015,higbeefair.com,Verified - food vendors,"Small-town fair (Aug 13-15, 2026): carnival, vendors, music.",2026-06-18
Randolph County Old Settlers,Huntsville,MO,Randolph,42,,September,Sep 10-12 (2026),,Not researched,Vendor info via the Old Settlers festival (moberly.com/randolphcountyoldsettlers),,moberly.com/randolphcountyoldsettlers,Verified - food vendors,"Historic town festival on the square (Sep 10-12, 2026): parade, vendors, music.",2026-06-18
Randolph County Fair,Moberly,MO,Randolph,38,,August,Aug 24-29 (2026),,Not researched,Online vendor form at randolphcountymofair.com,Randolph Co. Fair Board / 660-269-9656,randolphcountymofair.com,Verified - food vendors,County fair at Motorsports Park; online vendor/exhibitor form.,2026-06-18
Mexico Soybean Festival,Mexico,MO,Audrain,36,,August,Aug 20-22 (2026),,Not researched,Vendor application via mexicosoybean.org (Mexico Jaycees),Mexico Jaycees / mexicomojaycees@gmail.com,mexicosoybean.org,Verified - food vendors,"Downtown Mexico festival (Aug 20-22, 2026).",2026-06-18
Walk Back in Time,Mexico,MO,Audrain,36,,September,Last full weekend September (biennial; verify 2026 occurrence),,Not researched,Food vendor: contact Janice 573-581-3910 before applying (limited space) - Audrain County Historical Society,573-581-3910,audrain.org,Verified - vending unconfirmed,"Living-history reenactment festival at Audrain County Historical Museum, Mexico: many food vendors (limited space). Biennial - sources conflict on odd/even years, so 2026 occurrence unconfirmed. Audrain Co.",2026-06-18
Ozark Ham & Turkey Festival,California,MO,Moniteau,42,,September,Sep 19 (2026); 3rd Sat Sep,,Not researched,Apply online or by mail via the California Chamber (calmo.com),California Chamber / chamber@calmo.com / 573-796-3040,calmo.com/ham-turkey-festival,Verified - food vendors,Around the courthouse + Moniteau Co. fairgrounds; large vendor footprint. 3rd Sat of Sept.,2026-06-18
Versailles Olde Tyme Apple Festival,Versailles,MO,Morgan,70,,October,Oct 3-5 (2026),,Not researched,Booth application via versaillesapplefestival.com/vendors (return vendors by May 1),Versailles Area Chamber / Nancy 573-378-4085 (flea market),versaillesapplefestival.com,Verified - food vendors,"~30k attendance, 300+ craft & food booths, parade (Oct 3-5, 2026).",2026-06-18
Morgan County Fair,Versailles,MO,Morgan,70,,July,Jul 7-12 (2026),,Not researched,Food-vendor contact: Krissy Pentz,Krissy Pentz (food vendors) / 801-391-1707,themorgancountyfair.com,Verified - food vendors,"County fair (Jul 7-12, 2026); separate food-vendor contact.",2026-06-18
Osage County Fair,Linn,MO,Osage,48,,June,Jun 11-13 (2026),,Not researched,Online registration (fairentry.com); contact the Linn Lions Club,Linn Lions Club / linnlionsclub@gmail.com,osagecountyfair.com,Verified - food vendors,"Lions-run county fair (Jun 11-13, 2026): food stand & beer garden.",2026-06-18
Taste of Osage County,Linn,MO,Osage,48,,September,Sep 12 (2026),,Not researched,Via Naturally Meramec / Osage County (naturallymeramec.org),naturallymeramec.org,naturallymeramec.org,Verified - food vendors,"Linn City Park: local food producers, vendors, live music, 4-H activities. Osage Co.",2026-06-18
Gasconade County Fair,Owensville,MO,Gasconade,70,,July,Jul 29 - Aug 1 (2026),,Not researched,Contact via gasconadecountyfair.com,gasconadecountyfair@gmail.com / 573-437-2559,gasconadecountyfair.com,Verified - food vendors,"County fair: carnival, food vendors, music. Jul 29 - Aug 1, 2026.",2026-06-18
Scott Joplin International Ragtime Festival,Sedalia,MO,Pettis,52,,May,May 27-30 (2026),,Not researched,Food-truck vendor interest form via scottjoplin.org,scottjoplin.org,scottjoplin.org,Verified - food trucks,"Ragtime music festival, Historic Downtown Sedalia; food-truck vendor interest form posted. Pettis Co.",2026-06-18
Saline County Fair,Marshall,MO,Saline,60,,September,Sep 8-12 (2026),,Not researched,Contact the Saline County Fair Assoc. (salinecountymofairgrounds.org),Saline County Fair Assoc. / 660-886-6908,salinecountymofairgrounds.org,Verified - food vendors,"County fair in Marshall (Sep 8-12, 2026).",2026-06-18
Montgomery County Fair,Montgomery City,MO,Montgomery,60,,July,Jul 20-25 (2026),,Not researched,Online application; food/beverage vendors -> vendors@montgomerycountymo.gov,montgomerycofair@gmail.com / 573-574-3249,montgomerycountyfair.org,Verified - food vendors,County fair; online vendor application.,2026-06-18
Eldon Turkey Festival,Eldon,MO,Miller,55,,September,Sep 26 (2026),,Not researched,Vendor application via the Eldon Area Chamber (eldonchamber.com),Matt Kostelnik / mkostelnik@eldonchamber.com / 573-392-3752,eldonchamber.com,Verified - food vendors,"Craft & food vendors, kids carnival, parade (Sep 26, 2026).",2026-06-18
Camdenton Dogwood Festival,Camdenton,MO,Camden,75,,April,Apr 23-25 (2026),,Not researched,Vendor application at camdentonchamber.com/dogwood-festival,Camdenton Area Chamber / info@camdentonchamber.com / 573-346-2227,camdentonchamber.com,Verified - food vendors,"75th yr (Apr 23-25, 2026): food/craft vendors, carnival, parade.",2026-06-18
Laurie Hillbilly Fair,Laurie,MO,Morgan,60,,September,Sep 26-27 (2026),,Not researched,Contact the Hillbilly Fair Committee (laurievents@aol.com / 573-374-8776),Hillbilly Fair Committee / laurievents@aol.com / 573-374-8776,lauriemo.gov,Verified - food vendors,"At Laurie fairgrounds (Sep 26-27, 2026): music, carnival, food, vendors, beer garden.",2026-06-18
Lake of the Ozarks Bikefest,Osage Beach,MO,Camden,70,,September,Sep 15-20 (2026),,Not researched,Vendor info via lakebikefest.com,lakebikefest.com,lakebikefest.com,Verified - food vendors,"6-day biker rally, Bagnell Dam Strip: 300+ bars/restaurants, vendor villages (outside food-vendor fit moderate). Camden Co.",2026-06-18
Phelps County Fair,Rolla,MO,Phelps,100,,May,May 28-30 (2026),,Not researched,Vendor info/application at phelpscountyfair.com/vendor-information.html,"Phelps County Fair / PO Box 833, Rolla",phelpscountyfair.com,Verified - food vendors,"County fair (May 28-30, 2026): rodeo, pulls, derby.",2026-06-18
St. James Grape & Fall Festival,St. James,MO,Phelps,95,,September,Sep 10-12 (2026),,Not researched,Vendor application via St. James Parks & Rec (stjamesmo.org),Kristy Rich / krich@stjamesmo.org / 573-699-8026,visitstjamesmo.com,Verified - food vendors,"At Nelson Hart Park (Sep 10-12, 2026): carnival, parade, food.",2026-06-18
Crawford County Fair,Cuba,MO,Crawford,115,,July,Jul 14-18 (2026),,Not researched,Vendor application at crawfordcofair.com/vendor-application,David Staats (mgr) / crawfordfair@gmail.com / 573-885-4155,crawfordcountyfair.info,Verified - food vendors,"79th county fair (Jul 14-18, 2026): carnival, food & vendor booths.",2026-06-18
Steelville Harvest Festival,Steelville,MO,Crawford,110,,September,Early September (2026),,Not researched,Contact the Steelville Area Chamber (573-775-5533),Steelville Area Chamber / 573-775-5533,steelville.info,Verified - food vendors,"Downtown Steelville: rodeo, parade, community celebration.",2026-06-18
MoRoots Music Festival,Steelville,MO,Crawford,110,,September,Sep 24-26 (2026),,Not researched,Vendor info via MoRoots (Facebook) / Bass River Resort 573-786-8517,573-786-8517,naturallymeramec.org,Verified - food vendors,"Roots/Americana camping music festival at Bass River Resort, Steelville: food vendors on site. Crawford Co.",2026-06-18
Dent County Fall Festival,Salem,MO,Dent,115,,September,Late September (2026),,Not researched,Contact the Dent County Fall Festival Assoc. (dentcountyfallfestival.org),Dent County Fall Festival Assoc. / 573-247-2606,dentcountyfallfestival.org,Verified - food vendors,"At The Commons, Salem: exhibits, flea market, crafts, car show, food.",2026-06-18
Pulaski County Old Settlers Day,Waynesville,MO,Pulaski,110,,July,Jul 25-26 (2026),,Not researched,Contact the Pulaski Co. Historical Society (pulaskicomo@gmail.com),Denise Seevers / pulaskicomo@gmail.com / 573-528-3644,route66courthouse.com,Verified - food vendors,"Reenactments & vendors on the square (Jul 25-26, 2026).",2026-06-18
Maries County Fair,Vienna,MO,Maries,50,,August,August (2026),,Not researched,Contact the Maries County Fair Assoc. (mariescofair@gmail.com),Maries County Fair Assoc. / mariescofair@gmail.com,mariescountyfair.weebly.com,Verified - food trucks,"County fair at 242 Ball Park Rd, Vienna: food trucks welcome, vendors & beer garden.",2026-06-18
SEMO District Fair,Cape Girardeau,MO,Cape Girardeau,205,,September,Sep 12-19 (2026),,Not researched,Vendor application at semofair.com/vendors,SEMO District Fair / info@semofair.com / 573-334-9250,semofair.com,Verified - food vendors,"Large district fair (Sep 12-19, 2026), food vendors.",2026-06-18
Jackson Homecomers,Jackson,MO,Cape Girardeau,210,,July,Jul 23-27 (2026),,Not researched,Contact the American Legion Post 158 / City of Jackson (jacksonmo.org),,jacksonmo.org,Verified - food vendors,"Uptown Jackson celebration: carnival rides, food booths nightly.",2026-06-18
Perryville Mayfest,Perryville,MO,Perry,180,,May,May 6-9 (2026),,Not researched,Vendor info via the Perryville Chamber (perryvillemo.com),,perryvillemo.com,Verified - food vendors,"Downtown square: carnival, 200+ vendor craft fair, food vendors, music.",2026-06-18
Sikeston Jaycee Bootheel Rodeo,Sikeston,MO,Scott,220,,August,Aug 5-8 (2026),,Not researched,Contact Sikeston Jaycee Events (sikestonrodeo.com),Sikeston Rodeo / 1-800-455-2855,sikestonrodeo.com,Verified - food vendors,74th pro rodeo; food vendors.,2026-06-18
Downtown Sikeston Wine Festival,Sikeston,MO,Scott,220,,September,"Early September 2026 (Saturday, TBD)",,Not researched,Vendor application via downtownsikeston.org/become-a-vendor (573-380-3801),573-380-3801,downtownsikeston.org,Verified - food trucks,Historic Downtown Sikeston wine festival (15th+ yr): wineries + food trucks on site. Scott Co.,2026-06-18
Farmington Country Days,Farmington,MO,St. Francois,170,,June,Jun 5-7 (2026),,Not researched,Vendor application via farmingtoncountrydays.com (deadline ~May 22),Farmington Regional Chamber / deena@farmingtonregionalchamber.com / 573-756-3615,farmingtoncountrydays.com,Verified - food vendors,"Town festival with vendors (Jun 5-7, 2026).",2026-06-18
St. Francois County Fair,Farmington,MO,St. Francois,170,,July,Jul 30 - Aug 1 (2026),,Not researched,Register via sfcfairgrounds.org / fairentry.com,,sfcfairgrounds.org,Verified - food vendors,"County fair (Jul 30 - Aug 1, 2026).",2026-06-18
Ste. Genevieve Jour de Fete,Ste. Genevieve,MO,Ste. Genevieve,150,,August,Aug 8-9 (2026),,Not researched,Vendor application at saintegenevievejourdefete.com/for-vendors,,saintegenevievejourdefete.com,Verified - food vendors,"2nd full weekend Aug (Aug 8-9, 2026): 200+ artisan/craft/food vendors.",2026-06-18
Fredericktown Azalea Festival,Fredericktown,MO,Madison,180,,May,"First full weekend May (May 1-3, 2026)",,Not researched,Vendor registration at azaleafestival.info/forms,Joy Starkey / 573-783-9262,azaleafestival.info,Verified - food vendors,Downtown spring festival: food vendors & crafters.,2026-06-18
Moses Austin Heritage Festival,Potosi,MO,Washington,150,,June,Mid-June (2026),,Not researched,Contact the City of Potosi (potosicity.com),,potosicity.com,Verified - food vendors,Heritage festival in downtown Potosi.,2026-06-18
Arcadia Valley Music Festival,Ironton,MO,Iron,165,,May,May 15-16 & Oct 16-17 (2026),,Not researched,Vendor info via mountainmusicfestival.net,,mountainmusicfestival.net,Verified - food vendors,Arcadia Valley Mountain Music Festival on the Iron County Courthouse Square (twice yearly).,2026-06-18
Stoddard County Fair,Dexter,MO,Stoddard,225,,September,3rd week of September (2026),,Not researched,Contact the Stoddard County Fair (573-624-6003),Stoddard County Fair / 573-624-6003,stoddardcountyfair.com,Verified - food vendors,"County fair: carnival, rodeo, food & vendor booths.",2026-06-18
FreedomFest,Doniphan,MO,Ripley,210,,June,Jun 26-27 (2026),,Not researched,Vendor info via the Ripley County Chamber (ripleycountymissouri.org),,ripleycountymissouri.org,Verified - food vendors,"Festival at the Ripley County fairgrounds, Doniphan.",2026-06-18
Current River Food Truck Festival,Van Buren,MO,Carter,190,,June,Jun 27,,Not researched,,,,Verified - food trucks,"Dedicated food-truck festival; food trucks welcome. Batch-2 (southern/SE MO) lightweight capture — confirm food-truck fit, fee & application.",2026-06-18
Butler County Fair,Poplar Bluff,MO,Butler,200,,,Summer (2026),,Not researched,Vendor application via the Butler County Agricultural Society (bcfair.org),,bcfair.org,Verified - food vendors,County fair in Poplar Bluff.,2026-06-18
Greenville Christmas Festival,Greenville,MO,Wayne,190,,December,Early December (2026),,Not researched,Contact the East Wayne County Chamber of Commerce,East Wayne County Chamber of Commerce,,Verified - food vendors,Greenville Christmas parade & festival.,2026-06-18
Bollinger County Fall Festival,Marble Hill,MO,Bollinger,200,,September,Oct 3-5 (2026),,Not researched,Contact the Bollinger County Fair Association (Facebook),Bollinger County Fair Association,,Verified - food vendors,"At Marble Hill Ball Park: vendors, crafts, food, carnival rides.",2026-06-18
"Old Time Music, Ozark Heritage Festival",West Plains,MO,Howell,150,,October,Oct 17-18 (2026),,Not researched,Vendor application at oldtimemusic.org (food booth ~$150),,oldtimemusic.org,Verified - food vendors,Downtown old-time music & heritage festival at the Civic Center.,2026-06-18
Heart of the Ozarks Fair,West Plains,MO,Howell,150,,June,Jun 1-6 (2026),,Not researched,Booth rental application at heartoftheozarksfair.net,Heart of the Ozarks Fair / 417-274-9826,heartoftheozarksfair.net,Verified - food vendors,"Howell County fair (Jun 1-6, 2026).",2026-06-18
Hootin an Hollarin,Gainesville,MO,Ozark,165,,September,Sep 17-19 (2026),,Not researched,Vendor application at hootinanhollarin.com/vendor-information (food vendors include menu),Hootin an Hollarin / Barbara Luna 417-712-1946,hootinanhollarin.com,Verified - food vendors,"Hometown festival on the square (Sep 17-19, 2026): parade, food, music; 100+ booths.",2026-06-18
Thayer Fall Festival,Thayer,MO,Oregon,175,,October,Mid-October (Saturday) 2026,,Not researched,Contact the Thayer Chamber of Commerce,Thayer Chamber of Commerce,,Verified - food vendors,"Downtown Thayer fall festival: food, decor & craft vendors.",2026-06-18
Ozark Mountain Festival,Eminence,MO,Shannon,140,,May,May 2026 (TBD; ~May 1),,Not researched,Vendor info via Eminence Chamber / Area Arts Council (visiteminence.com),visiteminence.com,visiteminence.com,Verified - food vendors,"Eminence community festival: demos, car show & drag races, food & craft vendors. Shannon Co.",2026-06-18
Douglas County Fair,Ava,MO,Douglas,140,,July,July (2026),,Not researched,Vendor application at dgcountyfair.com/vendors,,dgcountyfair.com,Verified - food vendors,County fair & rodeo with a fair-long vendor show.,2026-06-18
Texas County Livestock Fair,Houston,MO,Texas,115,,,July (2026),,Not researched,Contact the Texas County Fair Board (Houston MO),,houstoncountyfair.org,Verified - food vendors,"County livestock fair at the Texas County Fairgrounds, Houston MO.",2026-06-18
Hannibal Autumn Historic Folklife Festival,Hannibal,MO,Marion,105,,October,Oct 18-19 (2026),,Not researched,Exhibitor/food-vendor application via the Hannibal Arts Council (hannibalarts.com),Hannibal Arts Council / festivals@hannibalarts.com / 573-221-6545,hannibalarts.com,Verified - food vendors,"50th yr; artisans, food, music on historic Main St (Oct 18-19, 2026).",2026-06-18
Pike County Fair,Bowling Green,MO,Pike,70,,July,Jul 28 - Aug 1 (2026),,Not researched,Commercial vendor space: contact Christy Dempsey (573-213-9876),Christy Dempsey / 573-213-9876,pikecountyfair.org,Verified - food vendors,"County fair (Jul 28 - Aug 1, 2026).",2026-06-18
Lincoln County Fair,Troy,MO,Lincoln,105,,July,Jul 14-18 (2026),,Not researched,Contact the Lincoln County Fair (lincolncountymofair@gmail.com / 636-528-2402),Lincoln County Fair / lincolncountymofair@gmail.com / 636-528-2402,lincolncountyfair.net,Verified - food vendors,"County fair (Jul 14-18, 2026).",2026-06-18
Monroe County Fair,Paris,MO,Monroe,45,,July,Jul 6-11 (2026),,Not researched,Contact the Monroe County Fair (660-721-1578),Monroe County Fair / 660-721-1578,,Verified - food vendors,"County fair at 415 E Locust, Paris (Jul 6-11, 2026).",2026-06-18
NEMO District Fair,Kirksville,MO,Adair,95,,July,Jul 14-18 (2026),,Not researched,Vendor application via nemofair.net,NEMO Fair / nemofair@gmail.com / 660-665-8800,nemofair.net,Verified - food vendors,"NE Missouri district fair (Jul 14-18, 2026).",2026-06-18
Red Barn Arts & Crafts Festival,Kirksville,MO,Adair,95,,September,Late September (2026),,Not researched,Exhibitor & food-vendor applications via the Kirksville Arts Association,Kirksville Arts Association,visitkirksville.com,Verified - food vendors,Juried arts/craft festival on the square (120+ artisans) with food vendors.,2026-06-18
Great Pershing Balloon Derby,Brookfield,MO,Linn,70,,August,Aug 29 - Sep 1 (2026),,Not researched,Craft/food vendor booths via pershingballoonderby.com (~$20-30/space),,pershingballoonderby.com,Verified - food vendors,"Hot-air balloon festival with vendors (Aug 29 - Sep 1, 2026).",2026-06-18
Missouri Day Festival,Trenton,MO,Grundy,110,,October,Oct 16-17 (2026),,Not researched,Vendor & food-truck applications via the Trenton Area Chamber (trentonmochamber.com),Trenton Area Chamber / 660-359-4324,trentonmochamber.com,Verified - food trucks,"3rd weekend of October (Oct 18-19, 2026): 120+ vendors, food trucks welcome, parade.",2026-06-18
Livingston County Fair,Chillicothe,MO,Livingston,95,,June,Late June (2026),,Not researched,Contact the Livingston County 4-H & FFA Fair (660-247-2636),Livingston County Fair / Kim Williams / 660-247-2636,,Verified - food vendors,County 4-H & FFA fair at Chillicothe (late June 2026).,2026-06-18
Carroll County Fair,Carrollton,MO,Carroll,75,,July,Jul 31 - Aug 8 (2026),,Not researched,Vendor application at carrollcountyfair.com/vendors,,carrollcountyfair.com,Verified - food vendors,"4-H & FFA county fair (Jul 31 - Aug 8, 2026).",2026-06-18
Macon County Fair,Macon,MO,Macon,55,,July,Late July - early August (2026),,Not researched,Vendor info via maconcountyfair.org,,maconcountyfair.org,Verified - food vendors,"Macon County Town & Country Fair, 1305 S Missouri St.",2026-06-18
Chariton County Youth Fair,Salisbury,MO,Chariton,50,,July,July (2026),,Not researched,Contact the Chariton County Extension (660-288-3239),Chariton Co. Extension / 660-288-3239,discoverchariton.com,Verified - food vendors,County youth fair at Salisbury.,2026-06-18
Olde Glory Days,Clinton,MO,Henry,95,,July,Jul 1-4 (2026),,Not researched,Vendor application via clintonmo.com (deadline ~Jun 26),Clinton Chamber / david@clintonmo.com / 660-885-8166,clintonmo.com,Verified - food vendors,"Large July 4th fest on the square (Jul 1-4, 2026): carnival, vendors, parade.",2026-06-18
Warsaw Jubilee Days,Warsaw,MO,Benton,75,,June,Jun 3-6 (2026),,Not researched,Vendor application at warsawjubileedays.com,Warsaw Jubilee Days / JubileeDays.WarsawMo@gmail.com,warsawjubileedays.com,Verified - food vendors,"Parade, carnival, lakeside fireworks at Drake Harbor (Jun 3-6, 2026).",2026-06-18
Johnson County Fair,Warrensburg,MO,Johnson,75,,June,Early July (2026),,Not researched,Vendor application via johnsoncountyfairassociation.com,Johnson County Fair / jocofair@johnsoncountyfairassociation.com / 660-747-1811,johnsoncountyfairassociation.com,Verified - food trucks,"County fair & rodeo: 4-H/FFA shows, food trucks welcome, music.",2026-06-18
Richmond Mushroom Festival,Richmond,MO,Ray,100,,May,"First weekend May (May 1-2, 2026)",,Not researched,Vendor application via the Richmond Area Chamber (mushroomfestival.net),Richmond Mushroom Festival / mushroomfestivalinfo@gmail.com / 816-776-6684,mushroomfestival.net,Verified - food vendors,"'Mushroom Capital'; food/craft/art vendors, carnival, parade.",2026-06-18
Bates County Youth Fair,Butler,MO,Bates,120,,July,Jul 26 - Aug 1 (2026),,Not researched,Contact the Bates County Youth Fair (batescountyfair@gmail.com / 660-697-1796),Bates County Youth Fair / batescountyfair@gmail.com / 660-697-1796,,Verified - food vendors,"County youth fair (Jul 26 - Aug 1, 2026).",2026-06-18
Bushwhacker Days,Nevada,MO,Vernon,140,,June,Jun 11-13 (2026),,Not researched,Vendor application via the Nevada/Vernon Co. Chamber (nevada-mo.com),Nevada / Vernon County Chamber,nevada-mo.com,Verified - food vendors,"Vernon County festival (Jun 11-13, 2026): reenactments, parade, vendors.",2026-06-18
Stockton Black Walnut Festival,Stockton,MO,Cedar,135,,September,Late September (2026),,Not researched,Contact the Stockton Lake Sertoma Club (417-276-5988) / Black Walnut Festival (Facebook),Stockton Lake Sertoma Club / 417-276-5988,theblackwalnutfestival.com,Verified - food vendors,"Ozarks tradition since 1961: parade, food & craft vendors.",2026-06-18
Charleston Dogwood-Azalea Festival,Charleston,MO,Mississippi,215,,April,Apr 16-19 (2026),,Not researched,Vendor application at dogwoodazaleafestival.org/vendors,Dogwood-Azalea Festival / vendor@dogwoodazaleafestival.org / 573-683-6509,dogwoodazaleafestival.org,Verified - food vendors,"58th yr (Apr 16-19, 2026): 6-mi trail, parade, food & craft vendors.",2026-06-18
New Madrid Fall Festival,New Madrid,MO,New Madrid,230,,September,Late September (2026),,Not researched,Craft/food booth form via the New Madrid Chamber of Commerce,New Madrid Chamber of Commerce,,Verified - food vendors,"Downtown New Madrid: wagon rides, car show, music, food booths.",2026-06-18
Delta Fair,Kennett,MO,Dunklin,250,,September,Sep 29 - Oct 3 (2026),,Not researched,Vendor info via deltafairfun.com,,deltafairfun.com,Verified - food vendors,Largest fair in the Bootheel (SE MO / NE AR / W TN region).,2026-06-18
Show Me State BBQ Cook Off,Kennett,MO,Dunklin,250,,May,May 9 (2026),,Not researched,Contact the Kennett Jaycees (kennettjaycees.com),,kennettjaycees.com,Verified - food vendors,KCBS-sanctioned BBQ cook-off (chicken/ribs/pork/brisket); food vendors.,2026-06-18
Caruthersville Backyard BBQ Festival,Caruthersville,MO,Pemiscot,270,,July,Jul 31 - Aug 1,,Not researched,Contact the Caruthersville Chamber (Facebook: Backyard BBQ Festival),,,Verified - food vendors,Riverfront BBQ festival (Jul 31 - Aug 1).,2026-06-18
Campbell Peach Fair,Campbell,MO,Dunklin,255,,August,Mid-to-late August 2026 (TBD; 10-day fair),,Not researched,Vendor info via Mo Peach Fair (Facebook) / Downtown Campbell,downtowncampbell.com,downtowncampbell.com,Verified - food vendors,"Missouri Peach Fair, Campbell (10-day): food, pageants, games, peaches. Dunklin Co.",2026-06-18
Clarkton Purple Hull Pea Festival,Clarkton,MO,Dunklin,245,,August,Late August (verify 2026 occurrence),,Not researched,Via City of Clarkton / festival Facebook,,,Verified - vending unconfirmed,"Small-town festival at Ernie Woodall Memorial Park, Clarkton; 2026 occurrence/date unconfirmed (limited recent info). Dunklin Co.",2026-06-18
St. Joseph Apple Blossom Festival,St. Joseph,MO,Buchanan,150,,May,First Saturday May (2026),,Not researched,Contact the Apple Blossom Committee (816-259-6086),Apple Blossom Committee / 816-259-6086,appleblossomparade.com,Verified - food vendors,City-wide May festival: parade + BBQ contest at Civic Center Park.,2026-06-18
Trails West Festival,St. Joseph,MO,Buchanan,150,,August,August (2026),,Not researched,Contact the Allied Arts Council (816-233-0231),Allied Arts Council / 816-233-0231,trailswestfestival.com,Verified - food vendors,"Outdoor arts festival: fine/folk/culinary arts, music, food vendors.",2026-06-18
NW Missouri State Fair,Bethany,MO,Harrison,135,,August,"Aug 27-31 (2026, Labor Day wknd)",,Not researched,Vendor info via nwmostatefair.com,NW Missouri State Fair / nwmostatefair@gmail.com / 660-425-6951,nwmostatefair.com,Verified - food vendors,"Regional fair since 1916, Labor Day weekend (Aug 27-31, 2026).",2026-06-18
Nodaway County Fair,Maryville,MO,Nodaway,180,,July,Jul 9-11 (2026),,Not researched,Commercial vendor registration at nodcofair.org/registration-forms,Nodaway County Fair,nodcofair.org,Verified - food vendors,"County fair: carnival, parade, food (Jul 9-11, 2026).",2026-06-18
Carthage Maple Leaf Festival,Carthage,MO,Jasper,165,,October,Oct 10-17 (2026),,Not researched,Arts/crafts & food vendor application via the Carthage Chamber (carthagechamber.com),Carthage Chamber / info@carthagechamber.com / 417-358-2373,mapleleaffestival.com,Verified - food vendors,"60th yr (Oct 10-17, 2026); large parade, craft & food vendors.",2026-06-18
Neosho Fall Festival,Neosho,MO,Newton,185,,October,Oct 3 (2026),,Not researched,Online Event Participant Application at neoshomo.gov (food trucks welcome),City of Neosho / Jessica Johnson jjohnson@neoshomo.gov / 417-451-8050,neoshomo.gov,Verified - food trucks,"Historic downtown Neosho; vendors, food trucks welcome & exhibitors. 1st Sat of October.",2026-06-18
Apple Butter Makin' Days,Mount Vernon,MO,Lawrence,175,,October,Mid-October (2026),,Not researched,Craft & food/concession applications via Eventeny (mtvchamber.com); food jury after May 1,Mt. Vernon Area Chamber,mtvchamber.com,Verified - food vendors,Courthouse-square festival since 1967: craft & food vendors.,2026-06-18
Lamar Free Fair,Lamar,MO,Barton,155,,August,Aug 22-29 (2026),,Not researched,Contact Terry Moore (417-682-2446) or the Barton County Chamber (417-682-3595),Terry Moore / 417-682-2446,bartoncounty.com,Verified - food vendors,"Downtown square (Aug 22-29, 2026): carnival, food, vendors, parade.",2026-06-18
Webb City Mining Days Festival,Webb City,MO,Jasper,170,,September,Sep 12 (2026),,Not researched,Contact Webb City Hall (417-673-4651); Mining Days Event Center,Webb City Hall / 417-673-4651,webbcitymo.org,Verified - food trucks,"At King Jack Park (Sep 12, 2026): car show, food trucks welcome, local vendors, music.",2026-06-18
Indiana State Fair,Indianapolis,IN,Marion,480,,August,Aug 7-23 (2026),,Not researched,Concessionaire application via indianastatefair.com/vendor-information (entry@indianastatefair.com / 317-927-7515),entry@indianastatefair.com / 317-927-7515,indianastatefair.com,Verified - food vendors,"Indiana State Fair, Indianapolis: outside concessionaires permitted via application. Marion Co. IN.",2026-06-18
500 Festival Parade,Indianapolis,IN,Marion,480,,May,May 23 (2026),,Not researched,Vendor info via 500festival.com/parade,500festival.com,500festival.com,Verified - food vendors,"Indy 500 Festival Parade, downtown Indianapolis: food trucks/vendors along the route. Marion Co. IN.",2026-06-18
Talbot Street Art Fair,Indianapolis,IN,Marion,480,,June,Jun 20-21 (2026),,Not researched,Vendor info via talbotstreet.org,talbotstreet.org,talbotstreet.org,Verified - food vendors,"69th Talbot St art fair, Indianapolis: artists + diverse food vendors (tacos, wood-fired pizza, kettle corn). Marion Co. IN.",2026-06-18
Indiana Black Expo Summer Celebration,Indianapolis,IN,Marion,480,,July,Jul 9-19 (2026),,Not researched,Vendor registration via indianablackexpo.com / summercelebration.net (early-bird deadline Feb 28),indianablackexpo.com,indianablackexpo.com,Verified - food vendors,"Indiana Black Expo Summer Celebration, Indianapolis: 300+ vendors incl. food. Marion Co. IN.",2026-06-18
Penrod Arts Fair,Indianapolis,IN,Marion,480,,September,Sep 12 (2026),,Not researched,Vendor info via penrod.org / Newfields,penrod.org,penrod.org,Verified - food vendors,"Penrod Arts Fair at Newfields, Indianapolis (59th): 350+ artists, dozens of food/beverage vendors, beer garden. Marion Co. IN.",2026-06-18
Fountain Square Art Festival,Indianapolis,IN,Marion,480,,April,Apr 18 (2026),,Not researched,Via Fountain Fletcher District Assn (fountainfletcher.com),fountainfletcher.com,fountainfletcher.com,Verified,"Art festival at Fountain Square Park, Indianapolis: artists, music; food-vendor presence not confirmed (weak fit). Marion Co. IN.",2026-06-18
FOODEESFEST Indianapolis,Indianapolis,IN,Marion,480,,September,Sep 18-20 (2026),,Not researched,,,foodeesfest.com,Verified - food trucks,"Food-truck festival; food trucks welcome (40+ vendors). Indianapolis-metro lightweight capture — confirm food-truck fit, fee & application.",2026-06-18
First Friday Food Truck Festival,Indianapolis,IN,Marion,480,,,"First Friday monthly, May-Oct",,Not researched,,,,Verified - food trucks,"Food trucks welcome; 25+ local trucks at Old National Centre lot. Indianapolis-metro lightweight capture — confirm food-truck fit, fee & application.",2026-06-18
CarmelFest,Carmel,IN,Hamilton,480,,July,Jul 3-4 (2026),,Not researched,Food vendor application via carmelfest.net (Eventeny; deadline May 31),carmelfest.net,carmelfest.net,Verified - food vendors,"CarmelFest July 4th celebration, Carmel Civic Square: food vendors, marketplace, parade, fireworks. Hamilton Co. IN.",2026-06-18
Carmel International Arts Festival,Carmel,IN,Hamilton,480,,September,Sep 26-27 (2026),,Not researched,Vendor application via carmelartsfestival.org/vendors,carmelartsfestival.org,carmelartsfestival.org,Verified - food vendors,"Carmel Arts Festival, Main St & Rangeline Rd: food & beverage trucks + food tents. Hamilton Co. IN.",2026-06-18
Indiana Peony Festival,Noblesville,IN,Hamilton,490,,May,May 16 (2026),,Not researched,Vendor info via indianapeonyfestival.com/festival,indianapeonyfestival.com,indianapeonyfestival.com,Verified - food vendors,"Downtown Noblesville peony festival: 30+ food vendors & trucks, shopping, family fun. Hamilton Co. IN.",2026-06-18
HATCH Fest,Noblesville,IN,Hamilton,490,,June,Jun 14 (2026),,Not researched,Vendor info via Noblesville Creates (noblesvillecreates.org/hatchfest),noblesvillecreates.org,noblesvillecreates.org,Verified - food vendors,"HATCH Fest + St. Michael's Strawberry Festival, Noblesville Square: makers market, strawberry shortcake, live music. Hamilton Co. IN.",2026-06-18
Our Lady of the Greenwood Parish Festival,Greenwood,IN,Johnson,470,,June,Jun 4-6 (2026),,Not researched,Via olgreenwood.org (317-888-2861),317-888-2861,olgreenwood.org,Verified,"Catholic parish summer festival, Greenwood: parish-run food booths, beer tent, rides, music; outside food-vendor fit weak. Johnson Co. IN.",2026-06-18
Plainfield Quaker Day Festival,Plainfield,IN,Hendricks,470,,September,Sep 17-20 (2026),,Not researched,Vendor info via quakerdayfestival.org / Town of Plainfield,quakerdayfestival.org,quakerdayfestival.org,Verified - food trucks,"Plainfield Quaker Day Festival: craft fair (100+ booths), parade, food trucks from central Indiana. Hendricks Co. IN.",2026-06-18
Riley Festival,Greenfield,IN,Hancock,490,,October,Oct 1-4 (2026),,Not researched,Food vendor forms via rileyfestival.com (317-462-2141 / jwrileyfestival@outlook.com),317-462-2141 / jwrileyfestival@outlook.com,rileyfestival.com,Verified - food vendors,"James Whitcomb Riley Festival, Greenfield: 400+ arts/crafts/food vendors. Hancock Co. IN.",2026-06-18
Moccasin Creek Festival,Effingham,IL,Effingham,200,,June,Jun 18-21 (2026),,Not researched,Vendor application via moccasincreekfestival.com (possmusicworks@gmail.com),possmusicworks@gmail.com,moccasincreekfestival.com,Verified - food vendors,"4-day Americana music festival at Lake Sara, Effingham: food & beverage vendors on site. Effingham Co. IL.",2026-06-18
Summer Sundown Music Festival,Effingham,IL,Effingham,200,,September,Sep 11-13 (2026),,Not researched,Vendor application: contact Andrew Evans andrew@adotevans.com,andrew@adotevans.com,summersundownfest.com,Verified - food vendors,"Music festival at The Stage @ Lake Sara, Effingham: local food & craft vendors. Effingham Co. IL.",2026-06-18
Vandalia Grand Levee,Vandalia,IL,Fayette,165,,June,Jun 20 (2026),,Not researched,Vendor info via downstateil.org / Vandalia Statehouse,downstateil.org,downstateil.org,Verified - food trucks,"Vandalia Statehouse Grand Levee history celebration: food trucks, period activities, funnel cakes. Fayette Co. IL.",2026-06-18
Fayette County Fair,Vandalia,IL,Fayette,165,,July,Jul 9-14 (2026),,Not researched,Vendor info via fayettecofair.org / fayettefair.com,fayettecofair.org,fayettecofair.org,Verified - food vendors,"Fayette County Fair (Brownstown fairgrounds): 4-H, carnival, grandstand, food vendors. Fayette Co. IL.",2026-06-18
Bond County Fair,Greenville,IL,Bond,150,,August,Late July / early August 2026 (TBD),,Not researched,Vendor info via Bond County Fair Assn / greenvilleillinois.com,greenvilleillinois.com,greenvilleillinois.com,Verified - food vendors,"Bond County Fair, Greenville: vendors, food, contests, carnival. Bond Co. IL.",2026-06-18
Casey Popcorn Festival,Casey,IL,Clark,230,,September,Sep 4-7 (2026),,Not researched,Vendor info via popcornfestival.net,popcornfestival.net,popcornfestival.net,Verified - food vendors,"Casey Popcorn Festival, Fairview Park: carnival, crafts, food vendors, grandstand concerts. Clark Co. IL.",2026-06-18
Clark County Fair,Marshall,IL,Clark,240,,August,Aug 6-17 (2026),,Not researched,Food vendor application via clarkcofair.com/vendors,clarkcofair.com,clarkcofair.com,Verified - food vendors,"123rd Clark County Fair, Marshall: carnival, grandstand, food vendors. Clark Co. IL.",2026-06-18
Banks of the Wabash Festival,Terre Haute,IN,Vigo,280,,May,May 21-30 (2026),,Not researched,Vendor info via Banks of the Wabash Festival (terrehaute.com / Facebook),terrehaute.com,terrehaute.com,Verified - food vendors,"53rd Banks of the Wabash Festival, Terre Haute: carnival, food vendors, free admission. Vigo Co. IN.",2026-06-18
Vigo County Fair,Terre Haute,IN,Vigo,280,,July,Jul 11-18 (2026),,Not researched,Concession Row vendor application via vigofair.com (Eventeny),vigofair.com,vigofair.com,Verified - food vendors,"Vigo County Fair, Terre Haute: 4-H, carnival, grandstand, Concession Row food vendors. Vigo Co. IN.",2026-06-18
Miracle on 7th Street,Terre Haute,IN,Vigo,280,,December,Dec 4-5 (2026),,Not researched,Vendor info via miracleon7thstreet.com,miracleon7thstreet.com,miracleon7thstreet.com,Verified - food vendors,"Holiday festival, downtown Terre Haute / Hulman Center: 60-business vendor market, concessions, local food trucks. Vigo Co. IN.",2026-06-18
Clay County 4-H Fair,Brazil,IN,Clay,300,,July,Jul 18-24 (2026),,Not researched,Outside food vendor application via claycountyfair.net/vendors,claycountyfair.net,claycountyfair.net,Verified - food vendors,"Clay County 4-H Fair, Brazil: carnival, food vendors; 2026 outside-vendor spots full (apply early for next year). Clay Co. IN.",2026-06-18
Putnam County Fair,Greencastle,IN,Putnam,320,,July,Jul 17-24 (2026),,Not researched,Vendor info via putcofair.org,putcofair.org,putcofair.org,Verified - food vendors,"Putnam County Fair, Greencastle: 4-H, carnival, food vendors. Putnam Co. IN.",2026-06-18
First Friday Greencastle,Greencastle,IN,Putnam,320,,,First Friday monthly (May-Oct),,Not researched,Vendor info via Mainstreet Greencastle (mainstreetgc.org/first-friday),mainstreetgc.org,mainstreetgc.org,Verified - food trucks,"Downtown Greencastle monthly First Friday (May-Oct), 6-10pm: 8 food & beverage trucks, crafts, live music on 3 stages. Putnam Co. IN.",2026-06-18
Heart of Illinois Fair,Peoria,IL,Peoria,230,,July,Jul 14-18 (2026),,$150 temp food license (5 days),Vendor/food concessionaire application via heartofillinoisfair.com/vendors,heartofillinoisfair.com,heartofillinoisfair.com,Verified - food vendors,"Heart of Illinois Fair, Peoria: carnival, grandstand, food concessionaires. Peoria Co. IL.",2026-06-18
Peoria Irish Fest,Peoria,IL,Peoria,230,,August,Aug 28-30 (2026),,Not researched,Vendor info via peoriairishfest.com/food-drink,peoriairishfest.com,peoriairishfest.com,Verified - food vendors,"Peoria Irish Fest (44th), riverfront: Irish culture, music, food vendors throughout grounds. Peoria Co. IL.",2026-06-18
Galesburg Railroad Days,Galesburg,IL,Knox,210,,June,Jun 25-28 (2026),,Not researched,Vendor application via galesburgrailroaddays.net/vendors,galesburgrailroaddays.net,galesburgrailroaddays.net,Verified - food vendors,"Galesburg Railroad Days: train viewing, vendors, food trucks, crafts. Knox Co. IL.",2026-06-18
Sweet Corn Circus,Normal,IL,McLean,230,,August,Aug 23-24 (2026),,Not researched,Vendor info via normalil.gov/1644/Sweet-Corn-Circus,normalil.gov,normalil.gov,Verified - food vendors,"Uptown Normal Sweet Corn Circus: 120+ booths, food court with food trucks, fresh sweet corn. McLean Co. IL.",2026-06-18
McLean County Fair,Bloomington,IL,McLean,230,,July,Jul 29 - Aug 2 (2026),,Not researched,Vendor info via mcleancountyfair.org,mcleancountyfair.org,mcleancountyfair.org,Verified - food vendors,"McLean County Fair, Bloomington: carnival, grandstand, food vendors. McLean Co. IL.",2026-06-18
Champaign County Fair,Urbana,IL,Champaign,255,,July,Jul 25 - Aug 1 (2026),,Not researched,Vendor info via Champaign County Fair IL (facebook.com/ChampaignCountyFairIL),facebook.com/ChampaignCountyFairIL,,Verified - food vendors,"Champaign County Fair, Urbana IL (173rd): carnival, grandstand, ~25 food booths. Champaign Co. IL.",2026-06-18
Urbana Sweetcorn Festival,Urbana,IL,Champaign,255,,August,Late August 2026 (TBD),,Not researched,Vendor info via urbanasweetcornfestival.com,urbanasweetcornfestival.com,urbanasweetcornfestival.com,Verified - food vendors,"Downtown Urbana Sweetcorn Festival (40th): ~30 food/drink vendors, 50k visitors. Champaign Co. IL.",2026-06-18
Vermilion County Fair,Danville,IL,Vermilion,290,,June,Jun 24-28 (2026),,Not researched,Vendor info via vermilioncountyfair.org,vermilioncountyfair.org,vermilioncountyfair.org,Verified - food vendors,"Vermilion County Fair & Expo (Oakwood): carnival, grandstand, food vendors. Vermilion Co. IL.",2026-06-18
Crawfordsville Strawberry Festival,Crawfordsville,IN,Montgomery,340,,June,Jun 12-14 (2026),,Not researched,Food vendor application via crawfordsvillestrawberryfest.com (food@crawfordsvillestrawberryfest.com; deadline May 1),food@crawfordsvillestrawberryfest.com,crawfordsvillestrawberryfest.com,Verified - food vendors,"Crawfordsville Strawberry Festival, downtown: food vendors, crafts, strawberries. Montgomery Co. IN.",2026-06-18
Covington Apple Fest,Covington,IN,Fountain,320,,September,Sep 26 (2026),,Not researched,Vendor info via Covington Business Assn / Covington Apple Fest (Facebook),facebook.com/covingtoninapplefest,facebook.com/covingtoninapplefest,Verified - food vendors,"35th Covington Apple Fest, historic downtown: 100+ booths incl. food trucks & food tents. Fountain Co. IN.",2026-06-18
Kentucky State Fair,Louisville,KY,Jefferson,360,,August,Aug 20-30 (2026),,Not researched,Concessionaire application (new vendors) via kystatefair.org/get-involved/concessionaires-commercial-vendors,kystatefair.org,kystatefair.org,Verified - food vendors,"Kentucky State Fair, KY Expo Center Louisville: concessionaires & commercial vendors. Jefferson Co. KY.",2026-06-18
St. James Court Art Show,Louisville,KY,Jefferson,360,,October,Oct 2-4 (2026),,Not researched,Food vendor application via stjamescourtartshow.com/food-vendors (dlayman@stjamescourtartshow.com; Jan-Aug),dlayman@stjamescourtartshow.com,stjamescourtartshow.com,Verified,"Major juried art show, Historic Old Louisville; food vendors but EXPLICITLY excludes typical fair food (hot dogs, brats, corn dogs) - poor fit for a hot-dog truck. Jefferson Co. KY.",2026-06-18
Kentucky Derby Festival,Louisville,KY,Jefferson,360,,April,Fest-a-Ville Apr 23 - May 1 (2026),,Not researched,Food vendors via official concessionaire Khalil's Catering / kdf.org (Chow Wagon),kdf.org,kdf.org,Verified - food vendors,"Kentucky Derby Festival Fest-a-Ville, Waterfront Park: Chow Wagon food trucks via official concessionaire Khalil's Catering. Jefferson Co. KY.",2026-06-18
NuLu Summer Fest,Louisville,KY,Jefferson,360,,July,Jul 18 (2026),,Not researched,Vendor application via nulu.org/summer (Eventeny),nulu.org,nulu.org,Verified - food vendors,"NuLu Summer Fest, East Market St Louisville: food trucks welcome + local restaurants, 80+ vendors, live music. Jefferson Co. KY.",2026-06-18
Harvest Homecoming,New Albany,IN,Floyd,360,,October,Oct 3-11 (2026); booths Oct 8-11,,Not researched,Food vendor application via harvesthomecoming.com (deadline Jul 8),harvesthomecoming.com,harvesthomecoming.com,Verified - food vendors,"Southern Indiana's largest fall festival, New Albany (~700k): 250+ craft/food booths (~150 food). Floyd Co. IN.",2026-06-18
Jammin' in Jeff,Jeffersonville,IN,Clark,390,,June,"Summer Friday nights (RiverStage); 2026 dates Jun 5, Jun 19, Jul 4",,Not researched,Vendor info via jeffparks.org/jammininjeff,jeffparks.org,jeffparks.org,Verified - food vendors,Jeffersonville RiverStage free summer concert series: themed night market with food trucks welcome each night. Clark Co. IN.,2026-06-18
Kentucky Bourbon Festival,Bardstown,KY,Nelson,350,,September,Sep 10-13 (2026),,Not researched,Food vendor application via kybourbonfestival.com,kybourbonfestival.com,kybourbonfestival.com,Verified - food vendors,"Kentucky Bourbon Festival (34th), Bardstown: food trucks welcome in Bourbon Capital Bites + marketplace. Nelson Co. KY.",2026-06-18
Highland Farms Country Fest,Elizabethtown,KY,Hardin,330,,September,Labor Day weekend (2026),,Not researched,Vendor info via highlandfarmscountryfest.com/contact,highlandfarmscountryfest.com,highlandfarmscountryfest.com,Verified - food vendors,"Country music festival at Highland Sod Farms, Elizabethtown: food trucks welcome & beverage tents. Hardin Co. KY.",2026-06-18
Seymour Oktoberfest,Seymour,IN,Jackson,390,,October,Oct 1-3 (2026),,Not researched,Vendor info via seymouroktoberfest.com/vendor-faq,seymouroktoberfest.com,seymouroktoberfest.com,Verified - food vendors,"Seymour Oktoberfest, Indiana: 75+ food booths, carnival, German fest. Jackson Co. IN.",2026-06-18
West Side Nut Club Fall Festival,Evansville,IN,Vanderburgh,230,,October,First full week of October 2026,,Not researched,Via nutclubfallfestival.com / West Side Nut Club,nutclubfallfestival.com,nutclubfallfestival.com,Verified,"One of the largest US street festivals, Evansville: 137+ food booths run by nonprofits; independent outside food vendors not accepted (weak fit). Vanderburgh Co. IN.",2026-06-18
ShrinersFest,Evansville,IN,Vanderburgh,230,,May,May 29-30 (2026),,Not researched,Vendor info via shrinersfest.org,shrinersfest.org,shrinersfest.org,Verified - food vendors,"Hadi ShrinersFest, Evansville riverfront: food trucks welcome, beer garden, air show, rides. Vanderburgh Co. IN.",2026-06-18
Frog Follies,Evansville,IN,Vanderburgh,230,,August,Aug 28-30 (2026),,Not researched,N/A - food handled internally by E'ville Iron Street Rods,frogfollies.org,frogfollies.org,Verified,"Street rod show, Evansville: food booths run by charities; no independent food vendors accepted (poor fit). Vanderburgh Co. IN.",2026-06-18
Mt. Vernon Fall Fest,Mt. Vernon,IL,Jefferson,165,,September,Sep 25-26 (2026),,$150/booth,Food vendor application via mtvfestivals.com/fall-fest (Eventeny; committee-selected),mtvfestivals.com,mtvfestivals.com,Verified - food vendors,"Mt. Vernon Fall Fest: car show, kids zone, marketplace, food & drink vendors, parade, music. Jefferson Co. IL.",2026-06-18
W.C. Handy Blues & Barbecue Festival,Henderson,KY,Henderson,235,,June,Jun 17-20 (2026),,Not researched,Food vendor application via handyblues.org/become-a-vendor (deadline Apr 14; selective),handyblues.org,handyblues.org,Verified - food vendors,"W.C. Handy Blues & Barbecue Festival, Henderson: blues + BBQ, food vendors (selection committee, local priority). Henderson Co. KY.",2026-06-18
BBQ & Barrels (International Bar-B-Q Festival),Owensboro,KY,Daviess,270,,May,May 8-9 (2026),,Not researched,Vendor application via bbqandbarrels.com/vendors,bbqandbarrels.com,bbqandbarrels.com,Verified - food vendors,"BBQ & Barrels (formerly Int'l Bar-B-Q Festival), downtown Owensboro: church cook teams, music, food vendors; outdoor spaces full for 2026. Daviess Co. KY.",2026-06-18
Ethnic Expo,Columbus,IN,Bartholomew,420,,October,Oct 9-10 (2026),,Not researched,Food vendor application via ethnicexpo.org/vendor-information,ethnicexpo.org,ethnicexpo.org,Verified - food vendors,"Ethnic Expo, downtown Columbus IN: international food & culture festival. Bartholomew Co. IN.",2026-06-18
Bowling Green International Festival,Bowling Green,KY,Warren,370,,September,Sep 26 (2026),,Not researched,Vendor info via bginternationalfest.com (Eventbrite),bginternationalfest.com,bginternationalfest.com,Verified - food vendors,"Bowling Green International Festival (36th), Circus Square Park: international foods, bazaar, music/dance. Warren Co. KY.",2026-06-18
West Tennessee State Fair,Henderson,TN,Chester,330,,October,Oct 16-25 (2026),,Not researched,Food vendor application via wtsfair.com (Show Director Mike Peery),wtsfair.com,wtsfair.com,Verified - food vendors,"West Tennessee State Fair, Henderson: rides, livestock, ~50 food booths. Chester Co. TN.",2026-06-18
West Memphis Freedom Fest,West Memphis,AR,Crittenden,280,,June,Late June 2026 (around July 4),,Not researched,Vendor info via City of West Memphis (schristian@citywm.com / 877-732-7598),schristian@citywm.com / 877-732-7598,visitwestmemphis.com,Verified - food vendors,"West Memphis Freedom Fest, Tilden Rodgers Park: fireworks, live music, food vendors. Crittenden Co. AR.",2026-06-18
Broadway Food Truck Fest,West Memphis,AR,Crittenden,280,,June,Jun 6 (2026),,Not researched,,,visitwestmemphis.com,Verified - food trucks,"Downtown food-truck festival; food trucks welcome. Corridor lightweight capture — confirm food-truck fit, fee & application.",2026-06-18
Johnson County Peach Festival,Clarksville,AR,Johnson,370,,July,Jul 16-18 (2026),,Not researched,Vendor application via jocopeachfest.com/vendors (479-754-9152),479-754-9152,jocopeachfest.com,Verified - food vendors,"Johnson County Peach Festival, Clarksville: home cookin', peach treats, food & craft vendors. Johnson Co. AR.",2026-06-18
Pope County Fair,Russellville,AR,Pope,340,,September,Sep 15-19 (2026),,Not researched,Vendor info via popecountyfair.com/commercialbooth (479-857-5744),479-857-5744,popecountyfair.com,Verified - food vendors,"Pope County Fair, Russellville: carnival, food & commercial vendors, arts/crafts. Pope Co. AR.",2026-06-18
Huff 'n Puff Hot Air Balloon Rally,Topeka,KS,Shawnee,190,,September,Early-mid September 2026 (TBD; 2025 was Sep 5-7),,Not researched,Vendor info via huff-n-puff.org,huff-n-puff.org,huff-n-puff.org,Verified - food vendors,"Huff 'n Puff Hot Air Balloon Rally, Topeka (50+ yrs): balloons, food trucks, craft vendors. Shawnee Co. KS.",2026-06-18
Fiesta Topeka (Fiesta Mexicana),Topeka,KS,Shawnee,190,,July,Jul 14-18 (2026),,"$1,000 / 10x10 (food)",Vendor application via fiestatopeka.com/partner-vendor-information,fiestatopeka.com,fiestatopeka.com,Verified - food vendors,"Fiesta Topeka (93 yrs), Our Lady of Guadalupe grounds: Mexican food & culture festival. Shawnee Co. KS.",2026-06-18
Mulvane Mountain/Plains Art Fair,Topeka,KS,Shawnee,190,,June,Jun 6-7 (2026),,Not researched,Vendor info via mulvaneartmuseum.org/artfair,mulvaneartmuseum.org,mulvaneartmuseum.org,Verified - food vendors,"Mulvane Art Fair, Washburn University Topeka: 85+ juried artists, beer garden, food trucks welcome. Shawnee Co. KS.",2026-06-18
Lawrence Busker Festival,Lawrence,KS,Douglas,165,,May,May 22-24 (2026),,Not researched,Food vendor application via lawrencebuskerfest.com/vendor1 (Eventeny),lawrencebuskerfest.com,lawrencebuskerfest.com,Verified - food vendors,Downtown Lawrence street-performer festival (Memorial Day weekend): food vendors of all kinds. Douglas Co. KS.,2026-06-18
Great American Market,Emporia,KS,Lyon,210,,September,Sep 12 (2026),,Not researched,Vendor info via emporiamainstreet.com (620-340-6430),620-340-6430,emporiamainstreet.com,Verified - food vendors,"Great American Market, downtown Emporia: 6-block market, food trucks welcome (tacos, burgers, sweets). Lyon Co. KS.",2026-06-18
Kansas Veterans Festival,El Dorado,KS,Butler,290,,June,Jun 19-21 (2026),,Not researched,Food truck/vendor application via kansasveteransfestival.org/vendorinfo,kansasveteransfestival.org,kansasveteransfestival.org,Verified - food vendors,"Kansas Veterans Festival at El Dorado Lake: live music, car show, BBQ comp, food trucks welcome, craft vendors. Butler Co. KS.",2026-06-18
Gold Fest,El Dorado,KS,Butler,290,,September,Sep 24-26 (2026),,Not researched,Food vendor application via experienceeldo.com/gold-fest-vendor (KS food license + $1M liability req'd),experienceeldo.com,experienceeldo.com,Verified - food vendors,"Gold Fest, downtown El Dorado: block party, food court, Main Street market. Butler Co. KS.",2026-06-18
Washington Town & Country Fair,Washington,MO,Franklin,95,,August,Aug 5-9 (2026),,Not researched,Concessions committee; fillable PDF app at washmofair.com/merchants,concessions@washmofair.com / 636-239-2715,washmofair.com,Verified,"One of Missouri's largest fairs (grandstand, livestock, midway). Does NOT typically allow outside food vendors; concessions selective (weak fit for trucks). Franklin Co.",2026-06-18
Art Fair & Winefest,Washington,MO,Franklin,95,,May,May 15-17 (2026),,Not researched,Vendor info via Downtown Washington Inc.,director@downtownwashmo.org / 636-239-1743,downtownwashmo.org,Verified - food vendors,"45th yr; historic downtown: 65+ wines, art, live music, food vendors; free admission. Organizer Downtown Washington Inc. Franklin Co.",2026-06-18
Fall Festival of the Arts & Crafts,Washington,MO,Franklin,95,,September,Sep 25-27 (2026),,Not researched,Vendor info via Downtown Washington Inc.,director@downtownwashmo.org / 636-239-1743,downtownwashmo.org,Verified - food vendors,Downtown Washington arts/crafts festival with a food court all weekend. Organizer Downtown Washington Inc. Franklin Co.,2026-06-18
Warren County Fair,Warrenton,MO,Warren,75,,June,Jun 24-27 (2026),,Not researched,Vendor/concession info via warrencountyfairgrounds.com or Warren County Fair-MO Facebook,warrencountyfairgrounds.com,warrencountyfairgrounds.com,Verified - food vendors,"Warren County Fairgrounds: livestock, carnival, rodeo, fireworks, food vendors. Warren Co.",2026-06-18
Franklin County Fair,Union,MO,Franklin,100,,June,Jun 11-14 (2026),,Not researched,Vendor application at fcfair.org/vendorapp (also unionfair.org/vendors),Franklinmocountyfair@gmail.com,franklincountyfair.org,Verified - food vendors,"Franklin County Youth Fair, Union fairgrounds: rides, games, food vendors; 2026 vendor rules/contracts posted. Franklin Co.",2026-06-18
Meramec Community Fair,Sullivan,MO,Franklin,110,,June,Late June 2026 (TBD; 2025 was Jun 24-28),,Not researched,Vendor/concession info via merameccommunityfair.com,merameccommunityfair.com,merameccommunityfair.com,Verified - food vendors,"Sullivan community fair: motocross, livestock, midway, food booths, main stage. Franklin Co.",2026-06-18
Route 66 BBQ & Bluegrass Festival,Pacific,MO,Franklin,105,,June,Jun 20-22 (2026),,Not researched,Food/beverage vendors on Vendor Row (first-come) via City of Pacific,636-271-0500,pacificmissouri.com,Verified - food vendors,"Route 66 BBQ Battle & Bluegrass, Liberty Field, Pacific: sanctioned pro BBQ comp, live music, Kid Zone, Vendor Row. Franklin Co.",2026-06-18
Pacific Car Show & Block Party,Pacific,MO,Franklin,105,,June,Jun 27 (2026),,Not researched,Vendor info via City of Pacific (pacificmo.org/event/pacific-car-show),636-271-0500,pacificmo.org,Verified - food vendors,Downtown Pacific car show & block party with food vendors. Franklin Co.,2026-06-18
St. Clair Pickin' on Picknic Festival,St. Clair,MO,Franklin,105,,July,Mid-July 2026 (TBD; 2025 was Jul 10-13),,Not researched,Food & craft vendor info via pickinfestival.com,info@pickinfestival.com / 314-270-2233,pickinfestival.com,Verified - food vendors,"Bluegrass/Americana/folk music festival at Lost Hill Lake, St. Clair: food & craft vendors (cash recommended). Franklin Co.",2026-06-18
Twin City Days,Festus,MO,Jefferson,135,,September,Sep 12 (2026),,Not researched,Booth application via Twin City Area Chamber (twincitychamber.com/twin-city-days),636-931-7697,twincitychamber.com,Verified,"Festus/Crystal City Chamber craft fair, Sep, 9a-3p; primarily craft booths ($50 10x10 early-bird). Food-vendor fit limited (weak fit). Jefferson Co.",2026-06-18
Festus Art & Music Festival,Festus,MO,Jefferson,135,,May,May 2-3 (2026),,Not researched,Vendor info via Festus Main Street,festusmainstreet.org,festusmainstreet.org,Verified - food trucks,"Downtown Festus art & music fest (now 2 days): food trucks welcome + Main St food court tent, pub crawl, live music. Jefferson Co.",2026-06-18
De Soto Fall Festival,De Soto,MO,Jefferson,135,,September,Sep 19 (2026),,Not researched,Vendor info via De Soto Chamber (desotomochamber.com/event/fall-festival),desotomochamber.com,desotomochamber.com,Verified - food vendors,"35th annual De Soto Main St fest: ~100 exhibitors, 10 food booths, activities; 9a-4p. Jefferson Co.",2026-06-18
Fountain City Jazz Fest,De Soto,MO,Jefferson,135,,March,Late March 2026 (HS jazz competition),,Not researched,Via De Soto School District band program,desotobands.weebly.com,,Verified,"Indoor high-school jazz competition at De Soto HS auditorium (16 schools); free daytime, ticketed finale. Not a food-vending venue (poor fit). Jefferson Co.",2026-06-18
Jefferson County Fair,Hillsboro,MO,Jefferson,130,,July,Mid-July 2026 (TBD; 2025 was Jul 17-20),,Not researched,Vendor applications via jeffersoncountyfair.net,636-797-3900,jeffersoncountyfair.net,Verified - food vendors,"4-day county fair at Jefferson County Fairgrounds, Hillsboro: rodeo, carnival, food vendors; vendor apps open. Jefferson Co.",2026-06-18
Arnold Days,Arnold,MO,Jefferson,125,,September,Late September 2026 (TBD; 2025 was Sep 20-22),,Not researched,Food vendor application (PDF) via City of Arnold (arnoldmo.org),636-282-2380,arnoldmo.org,Verified - food vendors,"Arnold City Park (since 1973): parade, music, concessions, crafts, rides, car show, fireworks. Jefferson Co.",2026-06-18
Augusta Wine & Jazz Festival,Augusta,MO,St. Charles,85,,June,Jun 5-7 (2026),,Not researched,Vendor info via Town of Augusta / Harmonie Verein (theharmonie.org/jazzfest),townofaugustamo.org,townofaugustamo.org,Verified - food vendors,"4th annual Augusta wine-country jazz fest: stages, wineries, food (wine/music-leaning). St. Charles Co.",2026-06-18
Defiance St. Patrick's Day Festival,Defiance,MO,St. Charles,90,,March,Mar 14 (2026),,Not researched,Vendor info via Defiance MO (defiancemo.com/events),defiancemo.com,defiancemo.com,Verified - food trucks,"6th annual: Katy Trail 5K, parade at noon, food trucks, drink tents, vendors, live music at wineries/breweries. St. Charles Co.",2026-06-18
Deutsch Country Days,Marthasville,MO,Warren,80,,October,Mid-October 2026 (TBD; typically 3rd weekend),,Not researched,Via deutschcountrydays.org,deutschcountrydays.org,deutschcountrydays.org,Verified - vending unconfirmed,"German living-history festival at Luxenhaus Farm: 100+ crafts/demos; food run by a Boy Scout stand (outside food vendors not typical, weak fit). 2026 occurrence not yet confirmed online. St. Charles Co.",2026-06-18
St. Charles Oktoberfest,St. Charles,MO,St. Charles,110,,September,Sep 25-27 (2026),,Not researched,Vendor application via saintcharlesoktoberfest.com (Eventeny),saintcharlesoktoberfest.com,saintcharlesoktoberfest.com,Verified - food vendors,"40th yr; Frontier Park, ~150k guests: brats, funnel cakes, oompah bands; actively seeks food vendors. St. Charles Co.",2026-06-18
St. Charles Riverfest,St. Charles,MO,St. Charles,110,,July,Jul 3-4 (2026),,Not researched,Vendor application packet via stcharlescitymo.gov (Riverfest Vendor Application),stcharlescitymo.gov,stcharlescitymo.gov,Verified - food vendors,"Frontier Park: live music, carnival, food vendors, drone show, fireworks; booths first-come, health-dept compliance required. St. Charles Co.",2026-06-18
St. Charles Christmas Traditions,St. Charles,MO,St. Charles,110,,December,"Fri-Sun, Nov 27 - Dec 24 (2026)",,Not researched,Vendor info via discoverstcharles.com / City of St. Charles,discoverstcharles.com,discoverstcharles.com,Verified - food vendors,"Month-long historic Main St holiday festival: strolling characters, food vendors, roasted chestnuts & wassail. St. Charles Co.",2026-06-18
One World Fest,St. Peters,MO,St. Charles,105,,August,Aug 22-23 (2026),,Not researched,Vendor application via One World Fest (facebook.com/1WorldFest / Eventbrite),facebook.com/1WorldFest,facebook.com/1WorldFest,Verified - food vendors,"Free multicultural festival at Mid Rivers Mall, St. Peters: international food, music, art, fashion. St. Charles Co.",2026-06-18
Cottleville Irish Fest,Cottleville,MO,St. Charles,100,,March,Mar 14 (2026),,Not researched,Vendor info via City of Cottleville / Cottle Village (cottlevillage.com),cityofcottleville.com,cityofcottleville.com,Verified - food vendors,"Shamrock Run & Irish Fest in Old Town Cottleville, 11a-8p: curated food vendors (BBQ, tacos, brats), Irish dishes, live music. St. Charles Co.",2026-06-18
O'Fallon Heritage & Freedom Fest,O'Fallon,MO,St. Charles,105,,July,Jul 1-4 (2026),,Not researched,Vendor applications via ofallon.mo.us/vendor-applications (coordinator books from January; food vendors need St. Charles Co. TFF license),jchwascinski@ofallonmo.gov / 636-379-5502,heritageandfreedomfest.com,Verified - food vendors,"Big July 4th fest at Ozzie Smith Complex, O'Fallon: carnival, food vendors, fireworks. St. Charles Co.",2026-06-18
St. Charles County Fair,Wentzville,MO,St. Charles,95,,July,Jul 23-27 (2026),,Not researched,Vendor info via stcharlescofair.org or St. Charles County Fair Facebook,stcharlescofair.org,stcharlescofair.org,Verified - food vendors,"5-day fair at Rotary Park, Wentzville (4th week of July): carnival, rodeo, demo derby, food vendors. St. Charles Co.",2026-06-18
Soulard Mardi Gras,St. Louis,MO,St. Louis City,125,,February,Grand Parade Feb 14 (2026); season Jan-Feb,,Not researched,Food vendor application (PDF) via stlmardigras.org/vendor-information,stlmardigras.org,stlmardigras.org,Verified - food vendors,"Large Soulard celebration: Bud Light Grand Parade, Taste of Soulard, Pet Parade, food/drink vendors. St. Louis City.",2026-06-18
Soulard Oktoberfest,St. Louis,MO,St. Louis City,125,,October,Oct 9-10 (2026),,Not researched,Vendor info via soulard-oktoberfest.com/contacts,soulard-oktoberfest.com,soulard-oktoberfest.com,Verified - food vendors,"Soulard Market Park: German food, beer, polka/brass bands. St. Louis City.",2026-06-18
Italian Heritage Parade & Festa,St. Louis,MO,St. Louis City,125,,October,Oct 11 (2026),,Not researched,Vendor info via The Hill STL (hillstl.org),hillstl.org,hillstl.org,Verified - food vendors,"On The Hill: parade + Festa at Berra Park with local food & beverage vendors, music. St. Louis City.",2026-06-18
Festival of Nations,St. Louis,MO,St. Louis City,125,,August,Aug 29-30 (2026),,Not researched,Food + Beverage vendor application via festofnations.com/food-bev (national-cuisine focus),festofnations.com,festofnations.com,Verified - food vendors,"Tower Grove Park: 80+ countries, 100+ international food/market vendors, music, dance (large). National-cuisine theme. St. Louis City.",2026-06-18
Japanese Festival,St. Louis,MO,St. Louis City,125,,September,Sep 5-7 (2026),,Not researched,Via Missouri Botanical Garden / Japan America Society of St. Louis,missouribotanicalgarden.org,missouribotanicalgarden.org,Verified,"Missouri Botanical Garden signature festival (40+ yrs); food run by Japanese Activities Committee orgs, outside food vendors not typical (weak fit). St. Louis City.",2026-06-18
Taste of St. Louis,Clayton,MO,St. Louis,120,,August,Aug 14-16 (2026),,Not researched,Vendor info via thetastestl.com,thetastestl.com,thetastestl.com,Verified - food vendors,"Downtown Clayton: local eats, chef demos, artisan market, music; 2026 return announced (turnout-driven future uncertainty). St. Louis metro.",2026-06-18
Saint Louis Art Fair,Clayton,MO,St. Louis,120,,September,Sep 18-20 (2026),,Not researched,Food vendor & food truck applications via saintlouisartfair.com (apply early; spaces fill up),saintlouisartfair.com,saintlouisartfair.com,Verified - food trucks,"Major juried art fair, downtown Clayton; food vendor booths + food truck spaces, food trucks welcome (apply early). St. Louis metro.",2026-06-18
Grove Fest,St. Louis,MO,St. Louis City,125,,October,Early October 2026 (TBD; 2025 was Oct 4),,Not researched,Vendor application via stlgrovefest.com/vendor-application,stlgrovefest.com,stlgrovefest.com,Verified - food vendors,"The Grove neighborhood street festival: live music, food vendors. St. Louis City.",2026-06-18
Greentree Festival,Kirkwood,MO,St. Louis,120,,September,Sep 18-20 (2026),,Not researched,Food Booth Application via kirkwoodmo.org (deadline ~June 15),henkekk@kirkwoodmo.org / 314-822-5855,kirkwoodmo.org,Verified - food vendors,"Kirkwood Park: parade, live music, family activities, food booths. St. Louis metro.",2026-06-18
Let Them Eat Art,Maplewood,MO,St. Louis,122,,July,Jul 10 (2026),,Not researched,Via City of Maplewood (maplewoodmo.gov),maplewoodmo.gov,maplewoodmo.gov,Verified,"Downtown Maplewood Bastille-Day art night: 60+ artists, live music; food & drink sold by Maplewood restaurants (limited outside food-vendor fit, weak fit). St. Louis metro.",2026-06-18
St. Louis Street Food Festival,St. Louis,MO,St. Louis City,125,,August,Late August 2026 (TBD; 2025 was Aug 23),,Not researched,Food vendor application via streetfoodfests.com/event/stlouis,streetfoodfests.com,streetfoodfests.com,Verified - food trucks,"Ballpark Village: 20+ food trucks & restaurants, items $5 or less, live entertainment; food trucks welcome. St. Louis City.",2026-06-18
Brookside Art Annual,Kansas City,MO,Jackson,125,,May,May 1-3 (2026),,Not researched,Vendor info via brooksideartannual.com,brooksideartannual.com,brooksideartannual.com,Verified - food vendors,40th Brookside Art Annual: 170+ juried artists; food booths (local restaurants). Jackson Co.,2026-06-18
Kansas City Irish Fest,Kansas City,MO,Jackson,125,,September,Sep 4-6 (2026),,Not researched,"Food vendor application via kcirishfest.com/vendor-applications (Eventeny; selective; KC health permit, no beverage sales)",kcirishfest.com,kcirishfest.com,Verified - food vendors,"Crown Center & Washington Square Park: large Irish festival, food vendors (compostable supplies required). Jackson Co.",2026-06-18
Ethnic Enrichment Festival,Kansas City,MO,Jackson,125,,August,Aug 21-23 (2026),,Not researched,Vendor application via eeckc.org (Eventeny),eeckc.org,eeckc.org,Verified - food vendors,"Swope Park: one of KC's largest multicultural festivals (47th yr), international food booths. Jackson Co.",2026-06-18
Snake Saturday Parade & Festival,North Kansas City,MO,Clay,125,,March,Mar 14 (2026),,Not researched,Vendor info via snakesaturday.com/festival,snakesaturday.com,snakesaturday.com,Verified - food vendors,"North KC St. Patrick's parade & festival: ~20 vendors + food court (funnel cake, sausage, etc.). Clay Co.",2026-06-18
Liberty Fall Fest,Liberty,MO,Clay,140,,September,Sep 25-27 (2026),,Not researched,Food vendor application via Eventeny (Liberty Fall Festival 26) / City of Liberty,libertyfallfest.com,libertyfallfest.com,Verified - food vendors,"Historic Downtown Liberty: food vendors, farmers market, family activities. Clay Co.",2026-06-18
Gladstone Summertime Bluesfest,Gladstone,MO,Clay,130,,May,May 15-16 (2026),,Not researched,Vendor info via Gladstone Chamber (gladstonechamber.com/bluesfest),gladstonechamber.com,gladstonechamber.com,Verified - food vendors,"Blues festival at Linden Square, Gladstone: live blues, food vendors (brats, hot dogs, nachos). Clay Co.",2026-06-18
Kansas City Renaissance Festival,Bonner Springs,KS,Wyandotte,145,,September,Weekends Sep 5 - Oct 18 (2026),,Not researched,Vendor application + Craft Coordinator agreement via kcrenfest.com (913-721-2110),913-721-2110,kcrenfest.com,Verified - food vendors,"Renaissance festival, Bonner Springs: 7 weekends; food & artisan vendors (full-season commitment). Wyandotte Co. KS.",2026-06-18
Overland Park Fall Festival,Overland Park,KS,Johnson,135,,September,Sep 25-26 (2026),,Not researched,Vendor info via opkansas.org / Arts & Rec Foundation of Overland Park,opkansas.org,opkansas.org,Verified - food trucks,"Downtown Overland Park: artists, food trucks & local restaurants, farmers market. Johnson Co. KS.",2026-06-18
Independence Square Food Truck Festival,Independence,MO,Jackson,120,,June,Jun 12 (2026),,Not researched,,,,Verified - food trucks,"Food trucks welcome on Independence Square; family activities. KC metro lightweight capture — confirm food-truck fit, fee & application.",2026-06-18
Art in the Park,Columbia,MO,Boone,0,,June,Jun 6-7 (2026),,$700/weekend + city temp license,Food vendor application via columbiaartleague.org/artinthepark/participate (deadline ~Mar 6),columbiaartleague.org,columbiaartleague.org,Verified - food trucks,Columbia Art League art fair at Stephens Lake Park; food trucks & food tents welcome. Boone Co.,2026-06-18
Heritage Festival & Craft Show,Columbia,MO,Boone,0,,September,Sep 19-20 (2026),,Not researched,Vendor info via Columbia Parks & Rec (como.gov),573-874-7475,como.gov,Verified - food trucks,"Nifong Park heritage festival: crafts, music, living history, local food trucks. Boone Co.",2026-06-18
Pedaler's Jamboree,Boonville,MO,Cooper,25,,May,May 23-24 (2026),,Not researched,Vendor application via pedalersjamboree.com/vendors,pedalersjamboree.com,pedalersjamboree.com,Verified - food trucks,"Memorial Day rolling music festival on the Katy Trail (Boonville/Columbia); multiple food trucks, vendor apps open. Cooper Co.",2026-06-18
Magic Dragon Street Meet,Lake Ozark,MO,Miller,48,,May,May 1-2 (2026),,Not researched,Vendor info via magicdragoncarshow.com / Lake Area Chamber,magicdragoncarshow.com,magicdragoncarshow.com,Verified - food vendors,"36th annual classic-car street meet on the Bagnell Dam Strip, Lake Ozark: food vendors, shopping. Miller Co.",2026-06-18
Lake of the Ozarks Shootout,Osage Beach,MO,Camden,45,,August,Aug 29-30 (2026); street party Aug 26,,Not researched,Vendor info via lakeoftheozarksshootout.com,lakeoftheozarksshootout.com,lakeoftheozarksshootout.com,Verified - food vendors,Largest unsanctioned lake boat race; race days + Bagnell Dam Strip street party draw local food vendors. Camden Co.,2026-06-18
Land of the Ozarks Food Truck Festival,Camdenton,MO,Camden,55,,September,Sep 12-13 (2026),,Not researched,,,,Verified - food trucks,"Food trucks are the headline; fall food-truck festival. Lake of the Ozarks infill — confirm food-truck fit, fee & application.",2026-06-18
Cole Camp Oktoberfest,Cole Camp,MO,Benton,50,,September,Sep 26 (2026),,Not researched,Vendor info via Cole Camp (colecampmo.com); 660-668-2295 / lstelling@citizensfarmersbank.com,660-668-2295,colecampmo.com,Verified - food vendors,"Cole Camp German Oktoberfest: brats, kraut, craft & food booths. Benton Co.",2026-06-18
Fall Harbor Hop,Sunrise Beach,MO,Camden,55,,October,Oct 10 (2026),,Not researched,Via funlake.com / Lake Area Chamber,funlake.com,funlake.com,Verified,On-water poker run; checkpoints are 40+ waterfront restaurants/bars/marinas that serve their own food - no central food-vendor space (poor fit). Camden Co.,2026-06-18
Du Quoin State Fair,Du Quoin,IL,Perry,155,overnight,August,Aug 28 - Sep 7 (2026),,Not researched,,,,Verified - vending unconfirmed,"Illinois' second state fair: agriculture, country music, harness racing, rides & food. Deep-south IL fill.",2026-06-18
Murphysboro Apple Festival,Murphysboro,IL,Jackson,165,overnight,September,Sep 9-12 (2026),,Not researched,,,,Verified - vending unconfirmed,"S. Illinois' oldest/largest alcohol-free festival (~45k): carnival, car show, apple treats, food. Deep-south IL fill.",2026-06-18
Williamson County Fair,Marion,IL,Williamson,165,overnight,August,Aug 1-8 (2026),,Not researched,,,,Verified - vending unconfirmed,"County fair, Marion IL: livestock, grandstand, carnival, food. Deep-south IL fill.",2026-06-18
Old King Coal Festival,West Frankfort,IL,Franklin,160,overnight,May,May 7-10 (2026),,Not researched,,,,Verified - vending unconfirmed,"Downtown West Frankfort heritage festival (85th): live music, food vendors, rides. Deep-south IL fill.",2026-06-18
Union County Fair,Anna,IL,Union,180,overnight,August,Aug 21-29 (2026),,Not researched,,,,Verified - vending unconfirmed,"County fair, Anna IL: livestock, grandstand (demo derby, rodeo, harness racing), carnival. Deep-south IL fill.",2026-06-18
Centralia Balloon Fest,Centralia,IL,Marion,130,day_trip,August,Aug 21-23 (2026),,Not researched,,,,Verified - vending unconfirmed,"Free hot-air balloon festival at Fairview Park, Centralia: glows, entertainment, family day. S. IL fill.",2026-06-18
Macon County Fair,Decatur,IL,Macon,150,day_trip,June,Jun 1-7 (2026),,Not researched,,,,Verified - vending unconfirmed,"170th county fair, Decatur IL: grandstand, livestock, carnival, food. Central IL fill.",2026-06-18
Decatur Celebration,Decatur,IL,Macon,150,day_trip,August,Aug 7-9 (2026),,Not researched,,,,Verified - vending unconfirmed,"Large downtown Decatur street festival: stages, food vendors, family fun. Central IL fill.",2026-06-18
Morgan County Fair,Jacksonville,IL,Morgan,115,day_trip,July,Jul 7-12 (2026),,Not researched,,,,Verified - vending unconfirmed,"175th county fair, Jacksonville IL: grandstand, rodeo, demo derby, food. Central IL fill.",2026-06-18
Quincy Dogwood Festival,Quincy,IL,Adams,125,day_trip,May,May 2 (2026),,Not researched,,,,Verified - vending unconfirmed,"Dogwood Parade & festival, downtown Quincy on Maine St: parade, family activities, food. W-central IL fill (across river from Hannibal).",2026-06-18
Adams County Fair,Mendon,IL,Adams,130,day_trip,July,Jul 29 - Aug 4 (2026),,Not researched,,,,Verified - vending unconfirmed,"County fair near Mendon/Quincy IL (Fairfest concerts): livestock, grandstand, food. W-central IL fill.",2026-06-18
Coles County Fair,Charleston,IL,Coles,175,overnight,July,Jul 26 - Aug 2 (2026),,Not researched,,,,Verified - vending unconfirmed,"Oldest continuous fair in Illinois (est. 1854), Charleston: livestock, grandstand, carnival, food. Central IL fill.",2026-06-18
Midwest Old Threshers Reunion,Mount Pleasant,IA,Henry,230,overnight,September,Sep 3-7 (2026),,Not researched,,,,Verified - vending unconfirmed,"Huge 5-day living-history reunion (~38k), Mount Pleasant: steam engines, antique tractors, crafts; food by local church/civic groups. SE Iowa fill.",2026-06-18
Fort Madison Tri-State Rodeo,Fort Madison,IA,Lee,240,overnight,September,Sep 9-12 (2026),,Not researched,,,,Verified - vending unconfirmed,"78th Tri-State Rodeo, Fort Madison: PRCA rodeo, food trucks & vendors. SE Iowa fill.",2026-06-18
Burlington Steamboat Days,Burlington,IA,Des Moines,230,overnight,June,Mid-June 2026 (riverfront),,Not researched,,,,Verified - vending unconfirmed,"Burlington's biggest community event: riverfront music festival, carnival, food. SE Iowa fill.",2026-06-18
Centerville Pancake Day,Centerville,IA,Appanoose,130,day_trip,September,Sep 26 (2026),,Not researched,,,,Verified - vending unconfirmed,"77th Pancake Day on the 'World's Largest Town Square', Centerville: parade, vendors, food. S. Iowa fill.",2026-06-18
Southern Iowa Fair,Oskaloosa,IA,Mahaska,180,overnight,July,Jul 13-18 (2026),,Not researched,,,,Verified - vending unconfirmed,"Mahaska County fair, Oskaloosa: 4-H, tractor pull, racing, carnival, vendors, fair food. S. Iowa fill.",2026-06-18
Wapello County Fair,Ottumwa,IA,Wapello,150,day_trip,June,Jun 17-21 (2026),,Not researched,,,,Verified - vending unconfirmed,"County fair (grounds in Eldon), Ottumwa area: carnival, harness/stock-car races, livestock, food. S. Iowa fill.",2026-06-18
Muskogee Azalea Festival,Muskogee,OK,Muskogee,390,overnight,April,"Throughout April (parade Apr 4), 2026",,Not researched,,,,Verified - vending unconfirmed,"Month-long spring festival at Honor Heights Park, Muskogee: azaleas, parade, vendors, food. NE Oklahoma fill.",2026-06-18
Cherokee National Holiday,Tahlequah,OK,Cherokee,370,overnight,September,Sep 4-6 (2026),,Not researched,,,,Verified - vending unconfirmed,"Cherokee Nation's 3-day Labor Day celebration, Tahlequah: parade, games, Artisan Marketplace with food & art vendors. NE Oklahoma fill.",2026-06-18
Grove Pelican Festival,Grove,OK,Delaware,310,overnight,October,Oct 1-4 (2026),,Not researched,,,,Verified - vending unconfirmed,"40th Pelican Festival at Wolf Creek Park on Grand Lake, Grove: carnival, food trucks, arts/crafts, car show. NE Oklahoma fill.",2026-06-18
Okmulgee Pecan Festival,Okmulgee,OK,Okmulgee,400,overnight,October,Oct 10-11 (2026),,Not researched,,,,Verified - vending unconfirmed,"Okmulgee Pecan Festival: pecan baking contest, street dance, live music, local vendors & food (Chamber vendor app). NE Oklahoma fill.",2026-06-18
Rogers County Fair,Claremore,OK,Rogers,330,overnight,August,August 2026 (TBD),,Not researched,,,,Verified - vending unconfirmed,"111th Rogers County Free Fair, Claremore Expo Center: carnival, food trucks, fair food, nightly entertainment. NE Oklahoma fill.",2026-06-18
Arkansas Bean Fest & Championship Outhouse Races,Mountain View,AR,Stone,300,overnight,October,Oct 23-24 (2026),,Not researched,,,,Verified - vending unconfirmed,"Quirky court-square festival, Mountain View: bean cook-off, outhouse races, craft & food vendors (Eventeny app). N. Arkansas fill.",2026-06-18
NEA District Fair,Jonesboro,AR,Craighead,280,overnight,September,"Mid-September 2026 (9 days, TBD)",,Not researched,,,,Verified - vending unconfirmed,"Northeast Arkansas District Fair, Jonesboro: 9 days of carnival, food, games, entertainment. NE Arkansas fill.",2026-06-18
Loose Caboose Festival,Paragould,AR,Greene,270,overnight,May,May 14-16 (2026),,Not researched,,,,Verified - vending unconfirmed,"Downtown Paragould festival (26th): vendor market + food court, music (food vendor app w/ electric/water add-ons). NE Arkansas fill.",2026-06-18
Crawdad Days Festival,Harrison,AR,Boone,250,overnight,May,Mid-May 2026 (May 7-9),,Not researched,,,,Verified - vending unconfirmed,"Crawdad Days at the NW Arkansas District Fairgrounds, Harrison: craft & food vendors, carnival, music, petting zoo. N. Arkansas fill.",2026-06-18
Baxter County Fair,Mountain Home,AR,Baxter,250,overnight,September,Sep 15-19 (2026),,Not researched,,,,Verified - vending unconfirmed,"Baxter County Fair, Mountain Home: carnival, livestock, commercial booths, food. N. Arkansas fill.",2026-06-18
Independence County Fair,Batesville,AR,Independence,290,overnight,June,Jun 5-13 (2026),,Not researched,,,,Verified - vending unconfirmed,"105th Independence County Fair, Batesville: discount-ride nights, fair food, family fun. N. Arkansas fill.",2026-06-18
BBQ on the River,Paducah,KY,McCracken,230,overnight,September,Sep 17-19 (2026),,Not researched,,,,Verified - vending unconfirmed,Paducah's riverfront BBQ festival (now run by Paducah Main Street): 100+ BBQ/food/dessert vendors. West KY fill.,2026-06-18
Tater Day,Benton,KY,Marshall,245,overnight,April,Apr 3-6 (2026),,Not researched,,,,Verified - vending unconfirmed,"Oldest continuous trade day in the US, Benton court square: vendor market, carnival, mule pulls, parade. West KY fill.",2026-06-18
Murray Freedom Fest,Murray,KY,Calloway,250,overnight,July,Jul 3-4 (2026),,Not researched,,,,Verified - vending unconfirmed,"Murray's July 4th celebration: street fair w/ food, crafts, beer garden, free concert, FNB parade. West KY fill.",2026-06-18
Black Patch Festival,Princeton,KY,Caldwell,260,overnight,September,Sep 12 (2026),,Not researched,,,,Verified - vending unconfirmed,"Black Patch Heritage Festival, Princeton Main St: games, food, crafts, live music. West KY fill.",2026-06-18
Madisonville 4th Fest,Madisonville,KY,Hopkins,270,overnight,July,Jul 3-5 (2026),,Not researched,,,,Verified - vending unconfirmed,"Region's largest 3-day outdoor music fest (~40k), free: food trucks, vendors, beer garden. West KY fill.",2026-06-18
Hopkins County Fair,Madisonville,KY,Hopkins,270,overnight,July,Jul 31 - Aug 8 (2026),,Not researched,,,,Verified - vending unconfirmed,"Hopkins County Fair, Madisonville: livestock, carnival, fair food (taking food-vendor applications). West KY fill.",2026-06-18
Mitchell Persimmon Festival,Mitchell,IN,Lawrence,340,overnight,September,Sep 19-26 (2026),,Not researched,,,,Verified - vending unconfirmed,"79th Persimmon Festival, downtown Mitchell + Spring Mill State Park: carnival, food stalls, persimmon pudding contest, music. S. Indiana fill.",2026-06-18
Jasper Strassenfest,Jasper,IN,Dubois,300,overnight,July,Jul 30 - Aug 2 (2026),,Not researched,,,,Verified - vending unconfirmed,"German heritage festival, downtown Jasper: 3 stages, polka, authentic German food, carnival, hot-air balloons. S. Indiana fill.",2026-06-18
Knox County Watermelon Festival,Vincennes,IN,Knox,270,overnight,August,Aug 7-8 (2026),,Not researched,,,,Verified - vending unconfirmed,"Downtown Vincennes (Patrick Henry Square): fair food, vendors, entertainment (vendor apps open). S. Indiana fill.",2026-06-18
4th Street Festival of the Arts & Crafts,Bloomington,IN,Monroe,330,overnight,September,Sep 5-6 (2026),,Not researched,,,,Verified - vending unconfirmed,"50th Fourth Street arts & crafts festival, Bloomington (Labor Day weekend): artists, food vendors. S. Indiana fill.",2026-06-18
Monroe County Fair,Bloomington,IN,Monroe,330,overnight,July,July 2026 (TBD),,Not researched,,,,Verified - vending unconfirmed,"Monroe County Fair, Bloomington: livestock, exhibits, carnival, fair food. S. Indiana fill.",2026-06-18
Lawrence County Fair,Bedford,IN,Lawrence,340,overnight,July,Jul 11-18 (2026),,Not researched,,,,Verified - vending unconfirmed,"Lawrence County 4-H Fair, Bedford: rodeo, demo derby, rides, food vendors. S. Indiana fill.",2026-06-18
AppleJack Festival,Nebraska City,NE,Otoe,250,overnight,September,Sep 18-20 & 26-27 (2026),,Not researched,,,,Verified - vending unconfirmed,"Iconic fall harvest festival at Arbor Day Farm, Nebraska City (~80k): apples, parades, carnival, food; craft/food vendor info. SE Nebraska fill.",2026-06-18
Homestead Days,Beatrice,NE,Gage,290,overnight,June,Mid-June 2026 (TBD; 2025 was Jun 19-22),,Not researched,,,,Verified - vending unconfirmed,"Community homesteading-heritage festival, Beatrice: parade, Ribfest, car shows, live entertainment. SE Nebraska fill.",2026-06-18
Gage County Fair,Beatrice,NE,Gage,290,overnight,July,Jul 22-26 (2026),,Not researched,,,,Verified - vending unconfirmed,"Gage County Fair, Beatrice: carnival, ag exhibits, food/products vendors (info@gagecountyfair.com / 402-223-3247). SE Nebraska fill.",2026-06-18
Otoe County Fair,Syracuse,NE,Otoe,270,overnight,July,Jul 31 - Aug 3 (2026),,Not researched,,,,Verified - vending unconfirmed,"Otoe County Fair, Syracuse: carnival, 4-H/open class, nightly entertainment, food stands. SE Nebraska fill.",2026-06-18
Nemaha County Fair,Auburn,NE,Nemaha,270,overnight,August,Aug 9-12 (2026),,Not researched,,,,Verified - vending unconfirmed,"Nemaha County Fair, Auburn: 4-H/FFA, grandstand, beer garden, fair food (commercial vendor info: 402-297-7091). SE Nebraska fill.",2026-06-18
Cobblestone Festival,Falls City,NE,Richardson,230,overnight,June,June 2026 (TBD),,Not researched,,,,Verified - vending unconfirmed,"Cobblestone Festival, Falls City: parade, carnival, street vendors, activities. SE Nebraska fill.",2026-06-18
Little Balkans Days,Pittsburg,KS,Crawford,200,overnight,September,"Labor Day weekend (Sep 4-7, 2026)",,Not researched,,,,Verified - vending unconfirmed,"Little Balkans heritage festival, Pittsburg (Labor Day wknd): arts/crafts/antiques, food, live music. SE Kansas fill.",2026-06-18
Neewollah,Independence,KS,Montgomery,240,overnight,October,Late October 2026 (9 days),,Not researched,,,,Verified - vending unconfirmed,"Kansas's largest annual festival, Independence: 9-day extravaganza, 30+ food vendors, carnival, parades, musical. SE Kansas fill.",2026-06-18
Inter-State Fair & Rodeo,Coffeyville,KS,Montgomery,230,overnight,August,Aug 9-15 (2026),,Not researched,,,,Verified - vending unconfirmed,"119th Inter-State Fair & Rodeo, Coffeyville: PRCA rodeo, carnival, concessions ($850 full food), livestock. SE Kansas fill.",2026-06-18
Fort Scott Good Ol' Days,Fort Scott,KS,Bourbon,170,overnight,June,Jun 5-6 (2026),,Not researched,,,,Verified - vending unconfirmed,"45th Good Ol' Days, downtown Fort Scott: craft vendors, food trucks, concerts, largest parade in Bourbon Co. SE Kansas fill.",2026-06-18
Allen County Fair,Iola,KS,Allen,200,overnight,August,August 2026 (TBD),,Not researched,,,,Verified - vending unconfirmed,"Allen County Fair, Iola: 4-H, full food court, carnival rides, concessions/vendors. SE Kansas fill.",2026-06-18
World's Biggest Fish Fry,Paris,TN,Henry,300,overnight,April,Apr 18-26 (2026),,Not researched,,,,Verified - vending unconfirmed,"World's Biggest Fish Fry, Paris (73rd, last full week of April): parade, carnival, all-you-can-eat catfish, music. West TN fill.",2026-06-18
West Tennessee Strawberry Festival,Humboldt,TN,Gibson,330,overnight,May,May 3-9 (2026),,Not researched,,,,Verified - vending unconfirmed,"88th West TN Strawberry Festival, Humboldt: week-long carnival, two parades, free concerts, food vendors, fireworks. West TN fill.",2026-06-18
Martin Grassroots Soybean Festival,Martin,TN,Weakley,300,overnight,September,Sep 10-12 (2026),,Not researched,,,,Verified - vending unconfirmed,"Grassroots Soybean Festival at Virginia Weldon Park, Martin (replaces the canceled TN Soybean Festival): booth + food-truck vendor apps. West TN fill.",2026-06-18
Jackson International Food and Art Festival,Jackson,TN,Madison,330,overnight,September,Sep 26 (2026),,Not researched,,,,Verified - vending unconfirmed,"Jackson International Food & Art Festival at the fairgrounds: food vendors, arts/crafts, cultural performances (free; vendor info at jifaf.com). West TN fill.",2026-06-18
Obion County Fair,Union City,TN,Obion,300,overnight,August,Aug 24-29 (2026),,Not researched,,,,Verified - vending unconfirmed,"Obion County Fair, Union City (est. 1931): midway, commercial exhibits, concerts, motorsports, fair food. West TN fill.",2026-06-18
Dyer County Fair,Dyersburg,TN,Dyer,310,overnight,September,Sep 7-12 (2026),,Not researched,,,,Verified - vending unconfirmed,"6-day Dyer County Fair, Dyersburg: ag exhibits, competitions, entertainment, fair food. West TN fill.",2026-06-18
Logboat Brewing Co.,Columbia,MO,Boone,0,hometown,,Year-round; rotating outside food trucks in the Shipyard beer garden,"Taproom + beer-garden crowd (nightly, frequent live music)",Not researched,No formal application - direct relationship / curated rotation,,logboatbrewing.com,Verified,"No in-house kitchen - food-truck friendly; hosts a curated rotation of outside trucks (Irene's BBQ, Ozark Mountain Biscuit, Beet Box, Pasta La Fata), so a new cart needs a direct relationship for a slot. Co-located with Rose Music Hall / Rose Park (same property).",2026-07-06
Bur Oak Brewing Company,Columbia,MO,Boone,0,hometown,,Year-round; food trucks on weekends,Taproom + food-truck crowd (weekends),"Not researched (venue rental separate: Rent-the-Brewery $250-$4,000)",Email events@buroakbeer.com (Event Request Form),events@buroakbeer.com,buroakbeer.com,Verified,No full kitchen (snacks only) - food-truck friendly; regularly hosts food trucks that supply the food. 8250 Trade Center Dr. Also offers paid Rent-the-Brewery bookings.,2026-07-06
Cooper's Landing,Columbia,MO,Boone,11,hometown,,"Riverside music venue, ~Apr-Oct; rotating outside food trucks (recurring, Fri-Sun)",Riverside live-music crowd (voted Best Live Music in COMO 2023-25),None stated,Band/Food Truck/Vendor form or email music@cooperslandingmo.com,music@cooperslandingmo.com / 573-657-1299,cooperslandingmo.com,Verified,"No restaurant/kitchen (General Store sells drinks + packaged snacks only; former Chim's Thai closed 2024) - food-truck friendly; CURATES/books trucks in advance (not walk-up). On the Missouri River / Katy Trail near Easley, southern Boone County.",2026-07-06
Rose Music Hall / Rose Park,Columbia,MO,Boone,0,hometown,,Outdoor concert season ~May-Oct (Rose Park); indoor year-round,"Outdoor concert crowds (Rose Park), up to ~1,500",Not researched,Contact venue (Logboat-adjacent),,rosemusichall.com,Verified - vending unconfirmed,"Outdoor amphitheater next to Logboat. Food-vendor policy for shows NOT established (ticketed shows may use an exclusive concessionaire). Notable 2026 outdoor shows: Rev. Peyton's Big Damn Band Jul 18, Larry Fleet Jul 30, Voodoo Fleetwood Mac Aug 15, Missouri Jazz Music Festival Sep 12 (free), Pixies Sep 23 (sold out), Modest Mouse Sep 24.",2026-07-06
Show-Me State Games,Columbia,MO,Boone,0,hometown,July,"2026 sessions: Jun 11-14, Jul 17-19, Jul 24-26","15,000-20,000 participants across 40+ sports",Not researched,Contact organizer (no dedicated vendor page found),Jessie Sida (Dir. Strategic Partnerships) / 573-884-2946,smsg.org,Verified - vending unconfirmed,Nation's largest state games; huge summer influx when MU is out (counter-seasonal). Food-vendor/concession process NOT established - direct outreach needed. HIGH-VALUE local target.,2026-07-06
Mizzou Football Home Games,Columbia,MO,Boone,0,hometown,September,"2026 home games: Sep 5, Sep 19, Oct 3 (Homecoming vs Florida), Oct 10, Nov 7, Nov 21, Nov 28","~62,000 per game at Faurot Field + tailgaters",Not researched,Requires campus/tailgate-lot permit (stadium has exclusive concessions),,mutigers.com,Verified - vending unconfirmed,Seven fall Saturdays draw ~62k each + a downtown Homecoming parade (Oct 3). Vending requires a tailgate lot or campus-adjacent private property + likely permit - NOT established. Massive but access-gated.,2026-07-06
First Fridays - North Village Arts District,Columbia,MO,Boone,0,hometown,,"First Friday of each month, ~6-9pm; monthly",Downtown art-crawl crowd (~20 venues),Not researched,Street vending - confirm permit with NVAD / City of Columbia,,northvillageartsdistrict.org/first-fridays,Verified - vending unconfirmed,Free monthly art crawl in the North Village Arts District downtown. Some participating venues have their own kitchens. Aligns with the Market at Serendipity (most First Fridays).,2026-07-06
The Market at Serendipity,Columbia,MO,Boone,0,hometown,,Most First Fridays (monthly); occasional special market days,First-Friday market crowd (North Village Arts District),Not researched,Prepared Food Vendor application,,serendipitycomo.com/farmersandartisansmarket,Verified,"Farmers/artisan market at 1020 E Walnut St (North Village Arts District). Accepts Prepared Food Vendors who personally prepare food with local ingredients where possible; bars resellers, so a standard wholesale hot-dog cart is a marginal thematic fit. No longer runs Sundays.",2026-07-06
Pixies at Rose Park,Columbia,MO,Boone,0,hometown,September,"Sep 23, 2026",Sold-out national concert (Rose Park outdoor),Not researched,Contact venue (Logboat / Rose Music Hall),,rosemusichall.com,Verified - vending unconfirmed,"One-time national touring act at Rose Park (outdoor), Sep 23 2026 - SOLD OUT, big crowd. Food-vendor access NOT established (ticketed show may have exclusive concessions). Verify before relying.",2026-07-06
Modest Mouse at Rose Park,Columbia,MO,Boone,0,hometown,September,"Sep 24, 2026","National concert (Rose Park outdoor, 'Central Bank Downtown Live!')",Not researched,Contact venue (Logboat / Rose Music Hall),,rosemusichall.com,Verified - vending unconfirmed,"One-time national touring act at Rose Park (outdoor), Sep 24 2026. Food-vendor access NOT established. Verify before relying.",2026-07-06
Broadway Brewery Taproom,Columbia,MO,Boone,0,hometown,,,,,N/A - runs own kitchen,,broadwaybrewery.com,Excluded,EXCLUDED - Taproom on 9th (15 S 9th St) runs its own in-house kitchen (full lunch/dinner/late-night menu); no evidence of hosting outside food carts. Documented so we don't re-check.,2026-07-06
Boone County Farmers Market,Columbia,MO,Boone,0,hometown,,Sat 8-11a (May-Oct) + Thu 3-5:30p; Columbia Mall parking lot,,"$25/stall Sat, $15/stall Thu ($175 membership)",Producer-only - no prepared-food/resale category,Shelly Blevins 573-817-1367,boonecountyfarmers.com,Excluded,"EXCLUDED for a hot-dog cart - strict PRODUCER-ONLY market (Columbia Mall lot, 2300 Bernadette Dr; distinct from the main Columbia Farmers Market): vendors must grow ALL of what they sell, resale strictly forbidden. No concession category. Documented so we don't re-check.",2026-07-06
